// ["0xc6aFd23A13d420828d424E327A7de4d5bA36e27C",20],
// ["0xc6aFd23A13d420828d424E327A7de4d5bA36e27C",20],
// ["0xc6aFd23A13d420828d424E327A7de4d5bA36e27C",10],
// ["0xBF4CDa7cf824b6f20cA3D8F7988E825f8795c32c",15],
// ["0x9066ae7E43795710c0cEa4E83C9a8270Ffa9E1d4",13],
// ["0x1348519cF5DE19806342511B8885B8B448D10C49",10],
// ["0xc97A55c16d40518Df1E8fb718Fd66b8C97524D05",8],
// ["0x8C1cb84251A93F371BDc5b36e3E9FDFf3371AC2d",8],
// ["0x5fAbB340E9c167Eec627EF13b4326054d99fFa83",8],
// ["0xe24bC13b147Fa4eB98A10F6D39a483527d7AfDE0",7],
// ["0x5E074E7F81514D4181b43F9056AFE52F5a1397B2",7],
// ["0x3b9cA2a520e8b364B742E90fcA720639AB4A3CF5",7],
// ["0x12bE377a35E8f4A0ffAd987ba2F8207099Bb25B9",7],
// ["0x01d98C6d2b2f6aB18f442258a240B6399867025a",7],
// ["0xf5cAcabC22A99D75162d5c3f80bFf92fBeed5C35",6],
// ["0xe450F53F77cfCe847deF015b901f3a8F831D51C7",6],
// ["0x754C29AecD9F98eE6c2b623d54f2F0ed5AFc63C5",6],
// ["0x50F32Cd6180A9A3026AF395bE449A01a7F128Eca",6],
// ["0xdC861e9a4B1d3C5AA0D339D8d356BA63cBEB68D2",5],
// ["0xd8BCD0e2359f3aFdED631053912E803e3829E34b",5],
// ["0x998F713E52416384f455a4916cfFE262502868da",5],
// ["0x9829Bc5D2F28c12F0324e9B7dD2eB3954D2CB020",5],
// ["0x8Ab65c6A16dC37479ba10899F55e902dcaEd2B1D",5],
// ["0x8655e0B7B638aEa67954b5769fe776F9d7fE5d2A",5],
// ["0x82280B70F14db9393F43aa446617F13ef03Eb0e7",5],
// ["0x5B7d48684D475760615d76Dd6136227eda359b8E",5],
// ["0x2c84A2415d0CBF2560Ef43FE6Be950dEa14484Cc",5],
// ["0x11291CC62F426392405bd198701A40A227B6b87F",5],
// ["0x09050466a8C1A14eEa9407ba332132DC5ECD7e8b",5],
// ["0xfae4958d000017db2bb806d0357325cd8c6b2051",4],
// ["0xF98220B1312B940AA04320020DdFCd7a48F9612e",4],
// ["0xF7C827709646D5412A30941660ACc62D0c01aE86",4],
// ["0xF241Be371e1eDb2D2112B8a23F60a2E7421E4bB6",4],
// ["0xedB52653fFf4AF2d04565d8710e85C87D0245097",4],
// ["0xEaA52AE01D78BD974790007251102Cb9a40a501c",4],
// ["0xe88206Fb5f43498A57829c24f60106D1842087D5",4],
// ["0xE04eC79E9DCA5BD5d598f4383B77119c95a38676",4],
// ["0xB5347e7fb95DF85066Ec022A6E1534bC242EC96b",4],
// ["0xa376194Ac3b2c3EF26b0984676b86FAd379194DE",4],
// ["0x9d8cEBa6F98ADea01318131F703F765C716eE2cC",4],
// ["0x97aFAFE5b7E5c6AAE7B9fEf81bf95F7262B2a414",4],
// ["0x924F0dc06b4A1BCeA99639678980A504721Ad7E4",4],
// ["0x8DB1591aF0Edf98EcFa1c666e3EA7b150C7dBA77",4],
// ["0x7eFF18C9fF133e24Ba1585ea6b115BbFCb76C9F0",4],
// ["0x742e1F56D237D047561B62761a327768BA4DFaB1",4],
// ["0x69E1Ce8CB0b5fD3f55A42274aef41BF958446758",4],
// ["0x681ae129D80E8BCDF1A2c76E955679E1f927A1Fa",4],
// ["0x5729C8776Dee6FE7c17112d9a15B633E49B270Ae",4],
// ["0x5729C8776Dee6FE7c17112d9a15B633E49B270Ae",4],
// ["0x53b1585611C7fa17C43CDA1dfb87A4f036daC99f",4],
// ["0x38d93f2C1653FDe0831bF212d86776A130B2B9fb",4],
// ["0x2A48282dF49b54B6fd5C2bAAc0b3a61d9CAE1457",4],
// ["0x111375391d6247068b5e3a066400D20020DcA2fA",4],
// ["0xFE86177274f1B70b8937A6972DEA846c815dbF3A",3],
// ["0xfE077411306CF93a273B71C2917f750119f97D4b",3],
// ["0xFa92031d2580AA8Ad041C29C1Cb674072142ea0C",3],
// ["0xecDA0181Ded874B4539Dcc5839d1F12c3e5AEd7A",3],
// ["0xEcB0cC6Edeb6551112cd0aC48f1616Fe17aD5A5E",3],
// ["0xE8CEf397F1F76b32532fe3768484B5a6974B5656",3],
// ["0xDCA1A6c4973664c0d7bd1F811c59fF3f148e8F56",3],
// ["0xdAbD905cCF316093c4e19aaCC5Bb5fAf413A510C",3],
// ["0xD4E709173f14360D29D3b963c99aA47B7949FA6d",3],
// ["0xD45dc14F9d86d34923eCc4019c8F7356836ec6a1",3],
// ["0xCf7bA53Ae26f4D8B26c9D09Ab64D47678e4b5F90",3],
// ["0xCF4A63e2C89ba751ab37D7B44Be9aF950CB1B6ca",3],
// ["0xcD8f3cE716fBb34D8999F571CA62Ab670c17Cda3",3],
// ["0xc945C63b344FB9DA059Ec9507F13cf4676c3A739",3],
// ["0xc407d71801610E5023f2caC3F691FAa09959E5e9",3],
// ["0xc2024510116e6c486a40b4e51A684D6667805314",3],
// ["0xBc2f1B12F99Aa51cf9381C3640fB217b030Cb210",3],
// ["0xb7BC5db74A7117f88A8f1cFBe4426e5AcB81C78b",3],
// ["0xb3C3f5C04806aF50f3F655951F6B599F578164aC",3],
// ["0xaC808EFc36612c70920a4152cfc096cDC9102b68",3],
// ["0xa92ccDC3c35849a52f87BD658A59Fe0341b569f9",3],
// ["0x9deDd6d4AcC211807C68DAB726a88c0ce91aed0C",3],
// ["0x9A3006a52eD667014E55f8523177Ae04FCFec8Dc",3],
// ["0x9829Bc5D2F28c12F0324e9B7dD2eB3954D2CB020",3],
// ["0x83Ca77F3892dcdB1c88aE8740fC31F701D9Fb4f8",3],
// ["0x80d879F811a796F7b2D2E1d20a9CFE191594494f",3],
// ["0x7fA584912b660C0093c8dDA88C04a0Fc486A454D",3],
// ["0x7c606634B66D38f0C704b4B3C9689b02968Dd5bE",3],
// ["0x7B3F1E04F54476b0AD69A0Ce5dF65e3684E3dA61",3],
// ["0x798B320505685F726E30eA362F12B30c24551D45",3],
// ["0x7733e4ac4946f1755019B1Bee32990A45F30E02F",3],
// ["0x76DF47541D129dFA4E787f409579b2C9C6063bCE",3],
// ["0x7446B872d48efE9B2381b486Cb58C05C3bE8c4F1",3],
// ["0x726476a671380CCde8137Eb47036B67025c34B1D",3],
// ["0x70647A1205Fa6D211aA20642a421DB59ff35e8aE",3],
// ["0x6F9DE9Dee496487Cd65e28e2eE4B9125fA3E3e16",3],
// ["0x67f192Cd3a2972C06d0CE2434133B858A4778550",3],
// ["0x665fD8F242377e2438A8B34E1A3edb67D4E16bD5",3],
// ["0x5f80ebF0ca4797f8B006E4b20d369c14f464d96d",3],
// ["0x5F11c8260e65F9ce37C387E763DCA552554A3890",3],
// ["0x5D2F9971dD69c96d77375ea9381D176e78007d97",3],
// ["0x5A72E69A6b2ea8cC91E6e8d772C2D8617002f5ED",3],
// ["0x5948C1D4aA0eAf7463479aB274efbb2FEe122D4A",3],
// ["0x591a043a1a26C1Fd01cA0a93693f1A828A7a9ce1",3],
// ["0x51Df9C4da4Fdf878002f6fcCD65cBf6c417eC2A1",3],
// ["0x5178D20251F7fa3e1F31a1494ee6FB88b3049152",3],
// ["0x50A62E3270eBEc4D76480d3D34a72177bd82a871",3],
// ["0x4cE1df431474718FecdadAC3212859dA98D7a4cf",3],
// ["0x457A663D5dAe0778C4572C8FEAad800A7a7f7AfE",3],
// ["0x3eE8f1d3173AFcD12B6eD4d955F645003cAC326c",3],
// ["0x3B723fd0cC4c917412C88450FB856e7330b6741a",3],
// ["0x33e9A14c927bAD3460Ff2bfF4f749c886F5b03c3",3],
// ["0x30e73bacd5B777F093F8aBd9cC5553d95308705E",3],
// ["0x2F126915Fa0b0d060BF6373D5428A7f9CA093649",3],
// ["0x2aEB44068611104DA00C76f4C49d2c0EC421a335",3],
// ["0x250227C0a6F7f9d5A5D3634d9B5837A14E6bf65f",3],
// ["0x24E751f9d8E498049369aF7A3B5432B8ec7025f3",3],
// ["0x210790e3E0d62ffc5215c5605Bcbcb90b46C6dEb",3],
// ["0x1E4ff03c9fF176cB1a6e3463C0CB25aF6F6e6695",3],
// ["0x1DBa417D93fBB0EDAA9D5349191b46Df4df3504A",3],
// ["0x182F273Fee44fC210521A40A2F7656cE35C2BF7D",3],
// ["0x140d5Ff1fe11D184f0b03bB8cc11303F484DCe9d",3],
// ["0x111375391d6247068b5e3a066400D20020DcA2fA",3],
// ["0x0603c8bA3158471AafE03E8BAca01e6e6bc49bB1",3],
// ["0x05a08b00CD66C1EdC43c37F686aCDD8F821c793f",3],
// ["0x0522E9361D9eFE65e34e3bf3C0bEe30288b6574c",3],
// ["0x0326E39B6F338BfbfAef4E5c2218F9C5CFA4be41",3],
// ["0x02FBcB5770654C74545761d451d339A1edA6148e",3],
// ["0x01957bAAC804609edE0E9284cb7428a93d9c0C53",3],
// ["0xffe6F471907b8D29051539CEfC84a9df2861CCE7",2],
// ["0xff6fe669221C551A3F4EcbBD7EDdba565acbd613",2],
// ["0xfEdE20a27d8A200Aa3CcD1644D6a27F9A23da5ff",2],
// ["0xFda570F5Db617b47A6D2312b08211E20d2E29AC5",2],
// ["0xFda570F5Db617b47A6D2312b08211E20d2E29AC5",2],
// ["0xFd00eB63557FCbeF11772111FE3D18f7592932c4",2],
// ["0xfcd38b930aF5f0D44E9d7c18B211BeFe76bE23CB",2],
// ["0xFC67cEAa49596AC95f05A468C6b00068e2e791F6",2],
// ["0xfC09fB2A8a51165B1a1d329973337F3930de1C6B",2],
// ["0xfBb1DCDC84ECB5583b2eA14315f3b351FE6685C7",2],
// ["0xfbaF40351Af2881B7dC6Fe3bD2fc01BB9f60Bc51",2],
// ["0xfAE8343dAbC314BDC2a482a37303891798cF3221",2],
// ["0xfae2b3C41D09761f9B8340eF5071401888Bd47F6",2],
// ["0xfa42F7A96846d282471ABb61dCa407EDc4c2e561",2],
// ["0xf9f2687d6C0Ef168F05B1A4a1fC5B048E0F34f18",2],
// ["0xf9af228B0e45eFF479eD37E45bd4aAbe15933777",2],
// ["0xf8139BEe78F8A7c85e85b4BA914B71980578989C",2],
// ["0xf6F3402a3375b102Ea02cE241334a213F0e8d7f6",2],
// ["0xf6AC7dA74F32FE9511eE158Af90732A4BBF8E7Db",2],
// ["0xf6912AF6f1AFF10290594dC173E24A7625820750",2],
// ["0xF679478D17A0945e367A51823c95C9Ffe7527462",2],
// ["0xF679478D17A0945e367A51823c95C9Ffe7527462",2],
// ["0xF679478D17A0945e367A51823c95C9Ffe7527462",2],
// ["0xF679478D17A0945e367A51823c95C9Ffe7527462",2],
// ["0xF679478D17A0945e367A51823c95C9Ffe7527462",2],
// ["0xF6295695f06d0471CDD6C82169fA0F32aEc94e21",2],
// ["0xf603131238c4C786F6C6e72e9C8BB2068d0fBb2D",2],
// ["0xF50Fd92da82E05920f720Bf6082EFb2F26cdAB28",2],
// ["0xf4f6D1ee6F28fA8a412A7A4DdC09c46133B3BF32",2],
// ["0xF4dc98c873fC4638Ec919595e92F1CE867F4E425",2],
// ["0xF48A35eA51d60bE3e8B7Eaf91f3DcAAc06a57cc2",2],
// ["0xF3a5B8511F3366BB6d7a1FC90F667421F155f1c5",2],
// ["0xf2d72B8A1a8F58bE3fd61BaBa0B576bC9b610D25",2],
// ["0xF28ccb37DD38443A259dc1B35814898563b884a6",2],
// ["0xf21006bAB4b6EA1Eb74E43c843DB8dDE57C4e9D8",2],
// ["0xF1f36674989B719D0eC43639a24c716C8d12d417",2],
// ["0xf1dCC7B3410eEaeb6ba764456c289De4af6af8B4",2],
// ["0xF179d7636c0d19A694985f8e18E3488c5dB221Cd",2],
// ["0xf0FdFA3b97e4E7207e5852DB35787721Fd45F0aE",2],
// ["0xf0Ba0E6620EEB64a2452E652364Ca333d185bdA4",2],
// ["0xF0aB9D51F8DdF1eeFd3c64a879104388D3c4b032",2],
// ["0xefFDF699017cDD0467A789cF56B958e5B6e215B0",2],
// ["0xef78847c00Aa187EEF0202631aB44E0Fa68e4179",2],
// ["0xeeb6F9d75375443DE32fC0293B0fCa0b31fd6756",2],
// ["0xeE4Bc21bB561250B29425F9d06dDb71198B9A028",2],
// ["0xedb60b01F033957cf5aB61620715828b829eB34C",2],
// ["0xED5e080742dA5344A2033d3Efddb14a1EAF25268",2],
// ["0xED39dADe704D7124c182FF31c1b012c10AFd9fDE",2],
// ["0xed2147D4DE841aBF74b1533022A619Da7A67D3c1",2],
// ["0xECaE4A2Bc866B2099A67ab62aB568a4A0C180c1F",2],
// ["0xEca25f9943C5D8700b4623D8ACD79D909A8AE84e",2],
// ["0xeb53E6469df6513e16bee76380aa7a747d63f41D",2],
// ["0xEB44f17Ea4FAaa4B922ABf8D54efe2C204968E40",2],
// ["0xeb3CEb050beCf447b5573503B15255840bc54697",2],
// ["0xEaA52AE01D78BD974790007251102Cb9a40a501c",2],
// ["0xeA8810F25bd743CB8d618ddea21e378999007588",2],
// ["0xE9D20eF24D0254Cbb1cf00F994Cb09777D9fD31B",2],
// ["0xE95171d8Cb94547fA0ba09B0EeC5B6Bbe94FE725",2],
// ["0xE7Ab446E9036137C5C8DAd73739EcAF2d4b31877",2],
// ["0xE77B1a4aFa478eed9E1083E488b1e0d62986af26",2],
// ["0xE774438527CEC1205023A60EFAE50FD5f08d88eB",2],
// ["0xe73A0321dE65B5B466ba4DC9537cc5c4980A16Ce",2],
// ["0xE729190a2aB39BC5F1f80BDE2a24a7e4F8A4b63d",2],
// ["0xE6d131f2EF20D82E51E8D7C2d9cf3316E11DA40A",2],
// ["0xe6aE54320C02A2a3B0E94e2aA45B521d8a9Aeb6f",2],
// ["0xe6aE54320C02A2a3B0E94e2aA45B521d8a9Aeb6f",2],
// ["0xE6A6BB7AA52C5076BFb9b744a25f33AF387d84a0",2],
// ["0xe5e84188c5369b40a48cc15BcA23e9cc038DaBFa",2],
// ["0xe5c5931762EC955A0433E96c629c5760a203ED45",2],
// ["0xE4D615a05c8f82b4c80a66B44bBdaAf5fCfe4260",2],
// ["0xe4476dCF91f7A2184B1C5E96ee86D1781716FEc4",2],
// ["0xe4476dCF91f7A2184B1C5E96ee86D1781716FEc4",2],
// ["0xE3eC4035D4aF87B39cE41719c83266EEc9FEFc3A",2],
// ["0xE3e5BF91a0B499c2c21F7c07741A33e2D5292bC5",2],
// ["0xe3a40BD7f56784D5E951de25e0933E56E08DF597",2],
// ["0xE2A3b27104DDab7C52df2D7b5e0DBeb65e999356",2],
// ["0xE29279c3B064ddAB24570fE0b9b78F360b3cFcA2",2],
// ["0xE29279c3B064ddAB24570fE0b9b78F360b3cFcA2",2],
// ["0xE29279c3B064ddAB24570fE0b9b78F360b3cFcA2",2],
// ["0xE29279c3B064ddAB24570fE0b9b78F360b3cFcA2",2],
// ["0xE29279c3B064ddAB24570fE0b9b78F360b3cFcA2",2],
// ["0xE29279c3B064ddAB24570fE0b9b78F360b3cFcA2",2],
// ["0xE29279c3B064ddAB24570fE0b9b78F360b3cFcA2",2],
// ["0xE29279c3B064ddAB24570fE0b9b78F360b3cFcA2",2],
// ["0xE29279c3B064ddAB24570fE0b9b78F360b3cFcA2",2],
// ["0xE29279c3B064ddAB24570fE0b9b78F360b3cFcA2",2],
// ["0xe1Fc1431d79d70C342589848347365Ac4aDd9718",2],
// ["0xE13d2BaA803404F2857b34c8d8aE4EB246E71be1",2],
// ["0xE0E3dD52930b3E0CE7FF737927Fd99957f484acF",2],
// ["0xE0E3dD52930b3E0CE7FF737927Fd99957f484acF",2],
// ["0xE06954928Cc84BB8fBc3c3a878e94e1A3e6B2102",2],
// ["0xDfF327E5B454e64921171D85c12dcF928178422c",2],
// ["0xDED797C64Ca808A95AA5488356645771D2F8FF8D",2],
// ["0xDdB397bFf55542323FC2C9B590fa53a910Bb07A3",2],
// ["0xDdB397bFf55542323FC2C9B590fa53a910Bb07A3",2],
// ["0xDcB95e9e2ccf42119797aaA9A1bdAd655659c8d4",2],
// ["0xDBE5736BB77123b3eF6fa07164dF22FBCbC0Bdb4",2],
// ["0xDbA0e8666dd1bfB9CA997Cadd76e6437a2a05A5A",2],
// ["0xDbA0e8666dd1bfB9CA997Cadd76e6437a2a05A5A",2],
// ["0xdAbD905cCF316093c4e19aaCC5Bb5fAf413A510C",2],
// ["0xdA6b75Ce7B6Aec5BB4e1a22D2cC34223596e8a00",2],
// ["0xDa25C23b16D187b1f2628D8F219a6ad9af4BB499",2],
// ["0xd92F40449d22f9520EE5934F96a0D707cBBE48f5",2],
// ["0xd8Edc683d58acD7C3C2D9227034c3D43fA5a293f",2],
// ["0xd8Edc683d58acD7C3C2D9227034c3D43fA5a293f",2],
// ["0xd7a8EE7AffEBD387b044690A086122717E8D0617",2],
// ["0xd76A62E054225D0826fa9c3ACB7f881753c9234a",2],
// ["0xd652191E5614de0e39a7C04a7Cf6B708c2389330",2],
// ["0xd652191E5614de0e39a7C04a7Cf6B708c2389330",2],
// ["0xd652191E5614de0e39a7C04a7Cf6B708c2389330",2],
// ["0xD61563434b71243D3c51443A707545db1B314F20",2],
// ["0xD55Eb223fDA272203d14A94872EAD06c898367f3",2],
// ["0xd51ce92848A44e5cD01D9403e2B0a44161BD42dA",2],
// ["0xD4e994b1C2511b611Cc244E50eE1bbF9E86F4c64",2],
// ["0xD4e994b1C2511b611Cc244E50eE1bbF9E86F4c64",2],
// ["0xD4e994b1C2511b611Cc244E50eE1bbF9E86F4c64",2],
// ["0xD4e994b1C2511b611Cc244E50eE1bbF9E86F4c64",2],
// ["0xD41202F2601e887446872F25e6BE7d2AC947efa9",2],
// ["0xD3A6F582F85eefaD28A3399BAE6c188F9DaDfb30",2],
// ["0xd3002e70D5cA93175ed6aF6bbf1628a9fE6dAedE",2],
// ["0xD2ed31b422F161454dE328689ABE67d6b2984770",2],
// ["0xD2ed31b422F161454dE328689ABE67d6b2984770",2],
// ["0xD2ed31b422F161454dE328689ABE67d6b2984770",2],
// ["0xd24B1eC29289D87169c0c14Ad345AF1A29B70574",2],
// ["0xd13ec746f3e9f1Df4b3B50EFF7CeFAf6E28eE6Db",2],
// ["0xd1156cb5e377585cC4918261bA28ce0ECf8b4Be9",2],
// ["0xd06091547B6eB43489f34d224c6DBe69cc83b5da",2],
// ["0xD05E2CBCD5954A1903858744820d1A20F26508c1",2],
// ["0xd03aDF969c3B8974c7eabcbE8718de5392e4fE8b",2],
// ["0xD0276873B298303Ddd193b8448016C147682625b",2],
// ["0xCFFD2324f6d8abE256dEb7A7896F374dCaE5b894",2],
// ["0xCf97E867Cfeda9a217D0569b6c9701B975a87C16",2],
// ["0xCf97E867Cfeda9a217D0569b6c9701B975a87C16",2],
// ["0xCf97E867Cfeda9a217D0569b6c9701B975a87C16",2],
// ["0xCEE1a3b646EB4e9F4e07D288d5aD27c2182b21cD",2],
// ["0xCcF314d7664b47C84ea8B066e1ACd2Ba8B4efD0e",2],
// ["0xcCCf3a0d602387819acD6AFEeb459b91b5EfEc89",2],
// ["0xcCCf3a0d602387819acD6AFEeb459b91b5EfEc89",2],
// ["0xcCB601f99e82F5b93AD24030F8ea7a098fF5B91C",2],
// ["0xCb481F9413147de33eBC99c1999f656bAa49E15F",2],
// ["0xCB45961209Be4E7039C83B734850D95181D339aB",2],
// ["0xCA8Ffd1c373FECbDBa17264aFA201C4d21F8cBe5",2],
// ["0xcA3f5Be8C42307346782f2b32552Cb16885Eae31",2],
// ["0xC88c12024Bd598bAEb91b5Db10D364cFD9a13e8B",2],
// ["0xc840D5c98Cae04EfBC7fF40Af73D0981979cf2E6",2],
// ["0xC73d90482a572575611B9Ab371b3d4609E21Fa41",2],
// ["0xc71De932A942F2D6c60782511F96C9848DfD846e",2],
// ["0xc6aFd23A13d420828d424E327A7de4d5bA36e27C",2],
// ["0xc62aeF5BF9E5c0F21eFba0Ac6cdc449d330bE550",2],
// ["0xc62aeF5BF9E5c0F21eFba0Ac6cdc449d330bE550",2],
// ["0xc5F7730B8A50fBc6594bE01C4FA3EAaAf71426d2",2],
// ["0xc5Aa7F7b1C84e4C7ADB81aEC8b757775D63234e3",2],
// ["0xc5845035Fc1290e0119Bf2561D727eAf631e75DB",2],
// ["0xc49452Cb57e0cA83EC98d77Ce4993db73293a835",2],
// ["0xc41ce08659483794B4bf8216ABa8Fc00aa4a9af5",2],
// ["0xC3c0654cc80f82A794387aAed3F048d81074cD10",2],
// ["0xC3c0654cc80f82A794387aAed3F048d81074cD10",2],
// ["0xC2F6818123FBBab0dd3F968615bF5d3Dc5Aa6Fd7",2],
// ["0xc268d8Fe132b60d8A73c8b341D0858a688A6b4Ab",2],
// ["0xc268d8Fe132b60d8A73c8b341D0858a688A6b4Ab",2],
// ["0xC25305e9e4a9BF09d13017Ddb3eFE615D0b51402",2],
// ["0xc1c2915D266198cccAC0dA06d5fF70cE87489f3f",2],
// ["0xc16E76558C403F2297ae923AfBB5FB0906abEA46",2],
// ["0xC15B88AC6dBfd07abdB9162ED99a90cA2187f299",2],
// ["0xC0dEFc30E6b88a11991f5e53c51Adcd5df527B20",2],
// ["0xc018931fcc3861383E0Eaff5F1810aeCA36F7FA6",2],
// ["0xc018931fcc3861383E0Eaff5F1810aeCA36F7FA6",2],
// ["0xBfbA7aC4576D546C62A9ccFE9bD31FCE9672625F",2],
// ["0xbf83178850D8FD5e345D60BA3f86C1A2Deda4062",2],
// ["0xBD458AB50036f53298585ffFc0319b2D30f6BDc6",2],
// ["0xbC6169AE603991d677DEa8bB49D3eE9D7434a233",2],
// ["0xBB637e4e23c81cac2992624E4382612BdB93aDc6",2],
// ["0xBB637e4e23c81cac2992624E4382612BdB93aDc6",2],
// ["0xBB637e4e23c81cac2992624E4382612BdB93aDc6",2],
// ["0xBB637e4e23c81cac2992624E4382612BdB93aDc6",2],
// ["0xBB637e4e23c81cac2992624E4382612BdB93aDc6",2],
// ["0xBB637e4e23c81cac2992624E4382612BdB93aDc6",2],
// ["0xBB637e4e23c81cac2992624E4382612BdB93aDc6",2],
// ["0xBB637e4e23c81cac2992624E4382612BdB93aDc6",2],
// ["0xBB637e4e23c81cac2992624E4382612BdB93aDc6",2],
// ["0xBB637e4e23c81cac2992624E4382612BdB93aDc6",2],
// ["0xb9AB733De194722A0886D731CFeBeD83F368c520",2],
// ["0xB8D8aeE7964f19f04fE18fF994B75a666f0c6355",2],
// ["0xB8D8aeE7964f19f04fE18fF994B75a666f0c6355",2],
// ["0xB79D3aF5Ccd0520A1E6933f7ae4d6947d984b167",2],
// ["0xB77F635396C1fc327e5bAB4b2FF6D5Fa79595793",2],
// ["0xB713f0A52b0255E9A23680e8cC850c7d86b7479b",2],
// ["0xB68a54DF42A1a96df39e443E9a71c1De10ff454d",2],
// ["0xb683546ed9F60F02e1Fe5022e470EC33af78aeBA",2],
// ["0xb5bc8a20C33C974aDc849294307704f303faEa52",2],
// ["0xb5834F220553F11758510141f1ba8ffB8a47C32A",2],
// ["0xB5347e7fb95DF85066Ec022A6E1534bC242EC96b",2],
// ["0xB5347e7fb95DF85066Ec022A6E1534bC242EC96b",2],
// ["0xb53124AF47910A52Ae5c0dc404A0184e1B5799C3",2],
// ["0xb50eeDd35B2525a55126803827E5140ac1A2d908",2],
// ["0xb4EFa498eBb79e3B62d152B1B9730bB3C6c199bB",2],
// ["0xB45755c68fC84997A25631aFCb3bE2dBb121E80e",2],
// ["0xB437DCb5f651E1FaC795EC0408586d60B9EF40fb",2],
// ["0xB2aF5D10db8258049CF56836fc4376F5f3681612",2],
// ["0xb2962531D6568662bD65A2413Af23718a6b49abA",2],
// ["0xb1Fd8939a46539576c5b7f9BDa0E2A7EC09e0c4e",2],
// ["0xb11B77FDd5C7C03c6b199Ad6d31624559D9B6D44",2],
// ["0xb0f9225312f1131858609Bd4c014A61DEa519586",2],
// ["0xB08d25458075C52dE969DB5d9884F1C32c47E15F",2],
// ["0xaf6AC9e2C0C7fb558CC800Ede47Eb9C566Be5fb7",2],
// ["0xaf594629D401B6DD05517bC18E7F217021426EFd",2],
// ["0xAeD6839027f912701a933d1FA1c448d29a291e27",2],
// ["0xAEB40b95262fd4246B141DE83b54E790efCB1Dcd",2],
// ["0xAE88fb4f64DC6Dd132743CCDed96Cb4D2af99715",2],
// ["0xAdddbA9b8c0F63f9992c094b5bC3739aa705c9E6",2],
// ["0xAdABe55dAEa2678184F843A076CFC6d468bB7C53",2],
// ["0xAD8414aAb9A497678088d9A76Eadcec1a07B82c3",2],
// ["0xaD4B70b3875c332B5E9091FCF45766EEfD1927Cf",2],
// ["0xAd46039f40D37E8165D32F1d7f8C8C81D5faf4Ec",2],
// ["0xAd46039f40D37E8165D32F1d7f8C8C81D5faf4Ec",2],
// ["0xAd46039f40D37E8165D32F1d7f8C8C81D5faf4Ec",2],
// ["0xad3223A6bEEaa97B92e29caa34E2D89143e6006d",2],
// ["0xaC808EFc36612c70920a4152cfc096cDC9102b68",2],
// ["0xaC808EFc36612c70920a4152cfc096cDC9102b68",2],
// ["0xaC808EFc36612c70920a4152cfc096cDC9102b68",2],
// ["0xaC3F3fb3cD8DAB113F51950A927cFd8A1955b335",2],
// ["0xaC04d6F3a4FA2416E22Ad6237724411008CdeE73",2],
// ["0xABbdA79B4A3878A3a207Eb3CeC2dAe0fEaE39A3C",2],
// ["0xa9dBd6CF06E21913D25BD0E6287419e4D3e5a1aC",2],
// ["0xA9c96122Bf6ac7838D258b1E33FB06481182dc3c",2],
// ["0xA9B07D4EA4E398Ac57F2CF764ed8a5D76Dd3df62",2],
// ["0xa929Beb1f05122F245E88dC5c188ef674e051487",2],
// ["0xa7a0A77d462BAE49726E19BA794BaC36aFa47b55",2],
// ["0xa78dDCbEe0e3682D69e9733D82094566d6112353",2],
// ["0xa6968db038a1E231841916CBDd921B817b37cd9A",2],
// ["0xA6465fFDF52C146EB4E7CA1cE90BD7eAAa080834",2],
// ["0xA5c3E8F34d8964C6754e8ae746DCbE5694AFAc0B",2],
// ["0xA582FD13b2BECe3c4eEc404c56770c67362438F5",2],
// ["0xA40f959c0209dF7e6577c01905C0980c0170B13f",2],
// ["0xa363635ec775c5844BD2fe76bA89d9BB1aB68D94",2],
// ["0xa3204478CC18D085BAF11BDea9e15Ff281F6A8d8",2],
// ["0xA2c65fEfF404b68da5c20D8c2ba8925eEBDBB986",2],
// ["0xa0a0093fCF74eAd238CBc0CC4FC331301e42e6a0",2],
// ["0x9F9b58F90E46c6F9edBaaDAed836F98CdF053d4D",2],
// ["0x9f6718bf5f022936f889af29B6F30a56f363bdc5",2],
// ["0x9eB3DB92C1AC5035C05E1f48334bcc0D98D6199e",2],
// ["0x9E54C6E14C522987b4Aad5128686E33Bd59D201D",2],
// ["0x9d38ecE4bA30f685D587d224DaCC425D553f731b",2],
// ["0x99Cb21fC3147e94c237C0C9477b165Cd760c7E19",2],
// ["0x97cDF5490700bFA885840184322593f3F47D4737",2],
// ["0x97aFAFE5b7E5c6AAE7B9fEf81bf95F7262B2a414",2],
// ["0x979fb1D789D342d1a195b3E943b95c0E8825B8a9",2],
// ["0x979fb1D789D342d1a195b3E943b95c0E8825B8a9",2],
// ["0x979fb1D789D342d1a195b3E943b95c0E8825B8a9",2],
// ["0x979fb1D789D342d1a195b3E943b95c0E8825B8a9",2],
// ["0x979fb1D789D342d1a195b3E943b95c0E8825B8a9",2],
// ["0x979fb1D789D342d1a195b3E943b95c0E8825B8a9",2],
// ["0x9790b84f90E25037825AA1322aD651d10B46eA71",2],
// ["0x976dFd80F6904f80FEdf8fe60D3590126EF1507f",2],
// ["0x96fD1BB430c1AcE2CAA1bDE75e27E1002ACC9Bd4",2],
// ["0x96E3DFEc4617CC3c9053F7354f1718FD8cFf2252",2],
// ["0x96b11a3f53c243bA4fdA1b20f00C148a49361ade",2],
// ["0x96417c9fe2e346cD4abCFC8B4e2fBE563e010e76",2],
// ["0x961Aa1e945c075B74649F7B363094f290d14A9e9",2],
// ["0x95EBdE6a7C0A91699EAC972C8cD3284F45d5e1e5",2],
// ["0x95BffB8Abe8717FdeeD543A22Fe56d88626c26CC",2],
// ["0x9540f0708E59Af3a110A2225bf5C0099C27503cC",2],
// ["0x94ba65BC95Fe8A7B1b327901d0b263c2F6849821",2],
// ["0x93693001b2f5424Fe10Db3e9f871Bb4Bb3b2763a",2],
// ["0x92C08f36C335e8D638743EF2243A361C0BBCd01e",2],
// ["0x91F60C726B698A224d2Aed0dAE1Ab7B2809cbaD0",2],
// ["0x916D02e60C64e6eA696c45907214cd9E603034E3",2],
// ["0x904cDFB409d86091D53f87eb4F02C6720bCbd506",2],
// ["0x904cDFB409d86091D53f87eb4F02C6720bCbd506",2],
// ["0x904cDFB409d86091D53f87eb4F02C6720bCbd506",2],
// ["0x904cDFB409d86091D53f87eb4F02C6720bCbd506",2],
// ["0x904cDFB409d86091D53f87eb4F02C6720bCbd506",2],
// ["0x904cDFB409d86091D53f87eb4F02C6720bCbd506",2],
// ["0x9031f0B60d5040B960F0E7E6D6d96eed4F4f4544",2],
// ["0x8F83cCaB40a6B996A4A5290a89347b2CCEeF9a31",2],
// ["0x8eE0A3635C5b9cd4593d5058DDB19b1519f192fA",2],
// ["0x8ecB2adC266d2329f153e0E82F276381113A14E9",2],
// ["0x8E4304e4fEeAd4Af2D19fA8b15cD266d0a1F611F",2],
// ["0x8c57BE472D02a06b40ef718CAC6034A3bb7166F2",2],
// ["0x8be8c9DABf5B5597473Ef95BF4F31568F763f1B7",2],
// ["0x8B29892Cde17678B298d6504d5117E2926e0Ff7A",2],
// ["0x8AaFb1080f0e27B10B3Dcb92d329796d1b6C5bf9",2],
// ["0x8A44A5273FA6043380eF1d62C50299e44113F8F6",2],
// ["0x8a0B072A86E35744daE162007aa82F48783D2815",2],
// ["0x89a4dea59b7A2ac9Cde8D6E6749fF513BCBc1fBF",2],
// ["0x869cb333fb35ccd9ab5A4905791b224cF8e305A2",2],
// ["0x860C54Ba5dC0DeB83e133c79A7D43DDcEf2a6C85",2],
// ["0x850D9F48Ec7FcEC56d4550e4512eacF7048F6fb0",2],
// ["0x84Cf0c20410870Ae337840b2DE3a28b9C6aB7753",2],
// ["0x84Bb69dB6A6428a291e4f2E8CA8da38e8D4D5fe1",2],
// ["0x849f2317a3B90ad7a5E406646fAADd7FA55495e0",2],
// ["0x84303C9b439c3166321d1e256fa7198CeC764922",2],
// ["0x841AFE0FE2E3173ff4f53187A7FC71c716FF1B11",2],
// ["0x83efFa37E5a714c44e4bA6EdDE9b9A0e9374d3F2",2],
// ["0x83c0255b58405e60AFEd4AA3Fb885e23F298B72e",2],
// ["0x839A4B1b59501687f4cC4c401e4be5DdaDC05e18",2],
// ["0x836655427693FB3e01269731e9F5dB1a47729517",2],
// ["0x836655427693FB3e01269731e9F5dB1a47729517",2],
// ["0x8312baD29fB12A47749c2058c30B5D4EEC8405B4",2],
// ["0x82B9e2afcEaAc1a4762000005dFE3418Db949bA9",2],
// ["0x827C432284f9881f09588366488D21E0dA4ded54",2],
// ["0x817810187B7C00f11C89a76176aAf63CBdd1786C",2],
// ["0x816D846AD884296753Bd3D547fc0a08fd0411dDe",2],
// ["0x816D846AD884296753Bd3D547fc0a08fd0411dDe",2],
// ["0x816D846AD884296753Bd3D547fc0a08fd0411dDe",2],
// ["0x816D846AD884296753Bd3D547fc0a08fd0411dDe",2],
// ["0x816D846AD884296753Bd3D547fc0a08fd0411dDe",2],
// ["0x816D846AD884296753Bd3D547fc0a08fd0411dDe",2],
// ["0x8026D73EaC9e87Cde6CC72474503ecaF3552063f",2],
// ["0x8026D73EaC9e87Cde6CC72474503ecaF3552063f",2],
// ["0x8026D73EaC9e87Cde6CC72474503ecaF3552063f",2],
// ["0x7F9935C3C85E527fD1F9D054bB87a1Ef86286Aad",2],
// ["0x7F7DE98342CF87d34E9A12F1f426961766B80630",2],
// ["0x7f39Ca13480f0CF0a1Fa13549Be6D2227368a94e",2],
// ["0x7f10d745b9D138B7656A7419AE0012e68f152B6C",2],
// ["0x7D2371B67732230a946aC923959D918F3284666f",2],
// ["0x7c2E9ED3ebebd3Ea50caC86d710c4AA660C2D78e",2],
// ["0x7bF4cc511Cb45B87888d1848947A394021226015",2],
// ["0x7bb3b57e86d3A43B5e98e820D5437e8E1f64c8F3",2],
// ["0x7b119014f7DAc27b13D5f5c10170454Ed50914f3",2],
// ["0x7a89838e2B1d0496512e1664C3D7c1C0437Dc99D",2],
// ["0x7918f98287A5B5B4391cf14d47D161b3251eB3AE",2],
// ["0x784750c40b6BD6bBe87a4CAF77Eb74D6917738f4",2],
// ["0x77B934BDE7fc216241150DccBa2cD0ce08669Fc0",2],
// ["0x7736B571040eA3421E1a6d73daEcF081FAd9B4A1",2],
// ["0x76f3eA965e7398fF22487Cd8D21080782773b910",2],
// ["0x76f3eA965e7398fF22487Cd8D21080782773b910",2],
// ["0x76f3eA965e7398fF22487Cd8D21080782773b910",2],
// ["0x76f3eA965e7398fF22487Cd8D21080782773b910",2],
// ["0x761CE8c9feF7eB64d364a5dec6afC0AC9190A656",2],
// ["0x75A901AAE078E5643c88860aF079CaAA4003859f",2],
// ["0x752dc2bC357A89F2276BeE2B1a8B7E7FF458346c",2],
// ["0x73F676Bd2376E84C26a473F7bBEDC66b733FFadE",2],
// ["0x73b367d43c28E9E9022fa75Efb427Cd31Dad59a1",2],
// ["0x73b367d43c28E9E9022fa75Efb427Cd31Dad59a1",2],
// ["0x73b367d43c28E9E9022fa75Efb427Cd31Dad59a1",2],
// ["0x73b367d43c28E9E9022fa75Efb427Cd31Dad59a1",2],
// ["0x73950411969C58cd0839B4b5286308fC8999a16a",2],
// ["0x720e33C79aaFD2202e405B841C52e00ecC94d590",2],
// ["0x71eFf0b02a5B23F42d8Edf9c48Aa66CD260AB059",2],
// ["0x7178cf72492ffc1150CEdeEB76E12b77e95ebc8C",2],
// ["0x715B67dcb691667b58de3469A14595d3d4aaf14a",2],
// ["0x713b1F940372C4e77E01D1D63E097377C442C7FD",2],
// ["0x70AF9D9e9632c7022fd6Da6023759238277D8a15",2],
// ["0x6FdE30Bada34107E597dFE16EDcF1bC4618528Fd",2],
// ["0x6e4d8E6A548C220E9F38842815b1E9B1648F0963",2],
// ["0x6E379D0F7ACB8A1aB80Ea3fa112aA830A84D0979",2],
// ["0x6d122F5F09F54D3c224D7583fF8132B7984F45ba",2],
// ["0x6d122F5F09F54D3c224D7583fF8132B7984F45ba",2],
// ["0x6d122F5F09F54D3c224D7583fF8132B7984F45ba",2],
// ["0x6bfcE0B3FAf7E0eab56356B99D0c02843547e399",2],
// ["0x6b7687885715b1dBdAC671972B4B3709614088bB",2],
// ["0x6b0D4D41570906baC775C52312646722b89Ae060",2],
// ["0x6a800106d0Bf0Aa96979E7EaE157c66BCbc81884",2],
// ["0x6915a36E0E0EB2494C5B9163A11c3Be26aB88580",2],
// ["0x68f47F0F5884A798D08C1e4FFB09B9b6451101E2",2],
// ["0x68f47F0F5884A798D08C1e4FFB09B9b6451101E2",2],
// ["0x67Dc621D947a6027Ed17A17bCC652578dC9bF65c",2],
// ["0x6735735bB172918118F14D434a8Df1E3ad4365B2",2],
// ["0x66CD86166Ea500E2bd4c150f0f51258E145A4760",2],
// ["0x66c130557b55B429Db171226B1cd699dddC86Fb4",2],
// ["0x66bc9bca135903442cd64685E372e0590BA5C67a",2],
// ["0x6626B9e835726342DF2dd7CeFCC9DaC393e44523",2],
// ["0x661DE46cd60F552aa67F60Cfa7635894Ac8B29a3",2],
// ["0x65cFD13394b40fce5d30c3775d8B64E02fA0799b",2],
// ["0x6545F8B9fbF0A9Be0661Fb70991bC85355546BdF",2],
// ["0x6545F8B9fbF0A9Be0661Fb70991bC85355546BdF",2],
// ["0x6545F8B9fbF0A9Be0661Fb70991bC85355546BdF",2],
// ["0x6545F8B9fbF0A9Be0661Fb70991bC85355546BdF",2],
// ["0x6504BDBa3461b76252B6Ed617637c020A3170f90",2],
// ["0x6477Dc31C38F931e99Fa9503c5c73c5C0fA152B4",2],
// ["0x63F52e6981d574C26772A2078810139CFDaCE9f4",2],
// ["0x63E6aEd94550d8aafFfE4bFac631f98a11B6bFa2",2],
// ["0x63d1beC2Ab5d27BB3C5EA594cE4e2a3c90Bf417E",2],
// ["0x63d1beC2Ab5d27BB3C5EA594cE4e2a3c90Bf417E",2],
// ["0x63bF15bcdfBE6B3bb715D6134C68Ce2583d23b7d",2],
// ["0x6382B638B192C0bb7af8560DBb73D6F1cb413085",2],
// ["0x6382B638B192C0bb7af8560DBb73D6F1cb413085",2],
// ["0x6382B638B192C0bb7af8560DBb73D6F1cb413085",2],
// ["0x635e5203250888834f406770B04e4fFFC9Cea893",2],
// ["0x6331ceDA219f9826718Efa69583d14903F7e0a21",2],
// ["0x6331ceDA219f9826718Efa69583d14903F7e0a21",2],
// ["0x62Abc6F054a7986c1537FdcaaFa31b9Dd991939a",2],
// ["0x61ECBAf5E899E8357Ee8C378b14b1198B9A646E5",2],
// ["0x618C26e19F8f42e2F4a13D06bdFC94Fb003eF72C",2],
// ["0x612bf8dd83136e9478e4D0AA8F9CE227d329daa7",2],
// ["0x612bf8dd83136e9478e4D0AA8F9CE227d329daa7",2],
// ["0x61077B88DB241a20DD0f97C687562bb9F6F57C18",2],
// ["0x608Af7f4BF169301c14Bd26d94B0393ab47cc573",2],
// ["0x606903bD157B4e5bC36f37532a9F87F7A233C22f",2],
// ["0x5fAbB340E9c167Eec627EF13b4326054d99fFa83",2],
// ["0x5F1A2d4FD948855aFFf3D37898E1eB2DFCAa2aC9",2],
// ["0x5ec6694774D493F3a6C1BcA164eD304A98195B7D",2],
// ["0x5E8907B16Ea17fd9BC074A6d871d98086A7B279B",2],
// ["0x5dfd4840E334a9fFAaBB551AD168eC409B30c925",2],
// ["0x5D72697Dd13974aa1353739d7996AeC4f7aBA005",2],
// ["0x5d6315AaE7c67D97A387e5fb8c7C32C9FBE35e17",2],
// ["0x5D2F9971dD69c96d77375ea9381D176e78007d97",2],
// ["0x5D2F9971dD69c96d77375ea9381D176e78007d97",2],
// ["0x5Cae16a5B26Bd624f8A682235F4ebBd64Def7b2f",2],
// ["0x5Cae16a5B26Bd624f8A682235F4ebBd64Def7b2f",2],
// ["0x5Cae16a5B26Bd624f8A682235F4ebBd64Def7b2f",2],
// ["0x5C747bFa078eC2b4E391E5ce4C77211AADC5a30a",2],
// ["0x5C43823ffA5FEa754a75603Ef618F3Bf24cbE7dC",2],
// ["0x5BD30E35d294f8CC6276C6c274C87A5DdE1C3484",2],
// ["0x5b37972EEAc8E1c0323C529852e095060EbC980a",2],
// ["0x5aEDdDe2F41e90C6bc495f318bb218d278e990e8",2],
// ["0x5AdaF27Aa3ecC56135971C6d109328b4BdCdfE16",2],
// ["0x59fDAF0C5A484a5280b8b876a3409cbF1bC1A630",2],
// ["0x5930E5C1A2df35cC65A8a2F105F8c94654B34cF3",2],
// ["0x591f9eb479b27452aE2332dd362D9EeBb4dDb96C",2],
// ["0x58CA5311703eE1B66D318A834C4cd38B010095b1",2],
// ["0x58CA5311703eE1B66D318A834C4cd38B010095b1",2],
// ["0x58859dEb87cfAf4cD697Cd7B79fB738627d12b0f",2],
// ["0x5859688d4f3dD3B8365ba44dD1256a8302359A1E",2],
// ["0x57Cdcb4b509C1bc88f85A7fD5B8fB2C4433f0325",2],
// ["0x57ba6D87Af78849f0BB075a58572101E27a9AC1E",2],
// ["0x57ba6D87Af78849f0BB075a58572101E27a9AC1E",2],
// ["0x57ba6D87Af78849f0BB075a58572101E27a9AC1E",2],
// ["0x57a02328cff2F6526F8e396BC5Da40e6b4FC58Cf",2],
// ["0x54df3c3D6600E064fC765a2B42D1b5Eb2fd9A28C",2],
// ["0x53b1585611C7fa17C43CDA1dfb87A4f036daC99f",2],
// ["0x53b1585611C7fa17C43CDA1dfb87A4f036daC99f",2],
// ["0x538781Cb0402Ee13fFB50e727CAf81a6063E505C",2],
// ["0x52E747A3f11E35156087cC3Abb41BEf8c7d8Da70",2],
// ["0x5255a2d3af2938474A59DaE4442390D4ABb93A0E",2],
// ["0x524E0C67DE2b5631e2086a619C3496d2e174c0ed",2],
// ["0x51Df9C4da4Fdf878002f6fcCD65cBf6c417eC2A1",2],
// ["0x51cd0f0a2A9c7F3Cf47D12d37E43f4Bfc1304968",2],
// ["0x514C984b83622c5cD450A782c06893eD007291dd",2],
// ["0x4f8293cCBe2816352c43387790BFC7150Af52dc3",2],
// ["0x4f7219c0f2784abEba7Ad1Bc24DB063597c4347e",2],
// ["0x4f24dB02FDf5E7652dd8fAd64FdB9727EC6017A1",2],
// ["0x4f24dB02FDf5E7652dd8fAd64FdB9727EC6017A1",2],
// ["0x4f24dB02FDf5E7652dd8fAd64FdB9727EC6017A1",2],
// ["0x4f24dB02FDf5E7652dd8fAd64FdB9727EC6017A1",2],
// ["0x4f24dB02FDf5E7652dd8fAd64FdB9727EC6017A1",2],
// ["0x4f24dB02FDf5E7652dd8fAd64FdB9727EC6017A1",2],
// ["0x4f24dB02FDf5E7652dd8fAd64FdB9727EC6017A1",2],
// ["0x4CF9A0423234C8A712DA164FeE9A3DC5379631e9",2],
// ["0x4cE1df431474718FecdadAC3212859dA98D7a4cf",2],
// ["0x4ce0cf2Ad76ffD68c68848c19521f49E2d9bfabC",2],
// ["0x4ce0cf2Ad76ffD68c68848c19521f49E2d9bfabC",2],
// ["0x4c8FF456Ba66A9e5C7C24b09f6cEb7c484a7Fec8",2],
// ["0x4C17C3058E1B2ba16bC6ec9BFD37DA07A7E7b495",2],
// ["0x4bC08CFf927CB573b0F5b846c0d3eD38343fdD7A",2],
// ["0x4B919655bb77C421dda01cF40Bd82dCA882bc3a6",2],
// ["0x4aa6a5791D5B7a5C8821D9F397fe967fFdf85798",2],
// ["0x4A376a0043FA76CB6Fa404E998e2ce3E3eD49Ad3",2],
// ["0x496E2049c9877Bfe757bd004d11028E3f83bb633",2],
// ["0x48416bdc1762f9da7A80D4E724CDF0e1e2c9EFFD",2],
// ["0x46DffD26690b1D8baC58f28B5DD63853037a5073",2],
// ["0x46dD6CbDb4385045222eeA911feCE63C90BA0C48",2],
// ["0x46c1c1C21117d70C6cCE18FD6f90CE6dF6FAB6E7",2],
// ["0x46c1c1C21117d70C6cCE18FD6f90CE6dF6FAB6E7",2],
// ["0x46c1c1C21117d70C6cCE18FD6f90CE6dF6FAB6E7",2],
// ["0x46c1c1C21117d70C6cCE18FD6f90CE6dF6FAB6E7",2],
// ["0x46c1c1C21117d70C6cCE18FD6f90CE6dF6FAB6E7",2],
// ["0x46429a05fafB476E283F6e42f208Ba44c1ABc5b3",2],
// ["0x45f95B5B31a6a5D3C7f36dA29a9237E99572e3F4",2],
// ["0x45b599632b13993D455ab0377D208eb67cb9EDd0",2],
// ["0x452977882FEb57002e2d1EE797584849d7491559",2],
// ["0x45194f6394E64DB7972f11a426fbd13e42d4a3C6",2],
// ["0x4391764EFb003C94692C7734ac284e584262a668",2],
// ["0x4391764EFb003C94692C7734ac284e584262a668",2],
// ["0x4362d6BfC714ce3099498ce07EC91FbE169595c9",2],
// ["0x430Ef21de897376555E0e43C9577bd6B2dd5Ff81",2],
// ["0x429101ad761574715585a4Dc988dC67d1d837D3C",2],
// ["0x41deb14EE4691B5A2Cb7c884bc34bFCccb2dE1Ed",2],
// ["0x4185DF4832e0a75E0599f8fa3431b5a440Ddc827",2],
// ["0x4106572AB02414354F3036d889b939266b11334B",2],
// ["0x4037110A201F646517D79397Da8d69266046FAA1",2],
// ["0x3fe826deC692d6476804275FFCEc8F87b13295E2",2],
// ["0x3F1c4D5CbCCd883782507bCB3b24db29c761dda4",2],
// ["0x3e3A651bF559480327B1F702BA26B5a5fCE6aF4A",2],
// ["0x3d2A31A31FA30e4E89BbE947064e2146e095C1B3",2],
// ["0x3CcFFD498C8eA26200674438160598cd3b6f9Fa7",2],
// ["0x3c36D5eCcDCD5fbaB15F5c78D15A0E6F23C8fa8B",2],
// ["0x3Bdd0EFd50c44c6a3170D22aa96A65562B4BA451",2],
// ["0x3Af00505F23dfEa4950A7DA08a2d500839728490",2],
// ["0x3a083Ed616Ad300AF143019C880A363B7Bed45D5",2],
// ["0x38a2dE3015ab6eE4C54D91A1E233fa9aBC739133",2],
// ["0x385B1a47ab9a20e2A4684CBEfc9fc9eA40662495",2],
// ["0x38225ca438E5B708b6C4cA66d70cc3c27DB26024",2],
// ["0x37F4Fbc8C9BCCfd1F897f29afA3447f42fef583b",2],
// ["0x36f4d5542fcB9Ce522Cd12026cd87c7b5328fFd6",2],
// ["0x36f4d5542fcB9Ce522Cd12026cd87c7b5328fFd6",2],
// ["0x3670254c504655215c3dbDD2FfD216Da06644ed0",2],
// ["0x3670254c504655215c3dbDD2FfD216Da06644ed0",2],
// ["0x36689E47A276308c8E3EdF51EAeC6d57B4599141",2],
// ["0x35aAf680ac829eD44c707c9aDd5419a811e28ad3",2],
// ["0x354176E6F3718597e015DE8937132B0aA017dCa8",2],
// ["0x3528479c6f9Df48D37Bf9A52Ed11F90350cfd524",2],
// ["0x34f67Aa38B50888BA1A8ECb0cb8e49DEBBfd0E68",2],
// ["0x34F4b9E9cf6c381AdCF1Dc68ee500f9513a28f3c",2],
// ["0x33e9A14c927bAD3460Ff2bfF4f749c886F5b03c3",2],
// ["0x33BFbD0A5e452DAa19349db6Ed2CD6BDbe81d032",2],
// ["0x33170aA8cBb9526C60bFfAfE3Bd4a7313A0b0380",2],
// ["0x330f3354b1EA1d7b3625094DA2F68D65c46aa08e",2],
// ["0x31E2167a4994C2433707fCD94EB2B88001FF4eeb",2],
// ["0x31CbB9194A313E3aaE476B4f30d3479Ab78EB06A",2],
// ["0x31b1c049C6C8F708dBf8731A50E3922D12D9B76F",2],
// ["0x314Cbd36c055B9605d85a25A2f35Bda690Da0FE8",2],
// ["0x3074D65f1d3253fB7d899d664F67B312414e76d2",2],
// ["0x304E663f8A81631a21EE8C737E16F0E3005C610E",2],
// ["0x2FF219549F0fc1C691383996F958b1545146F94b",2],
// ["0x2F2dbc6E707019B3BfeA54c97b670389B8599d00",2],
// ["0x2e7d70dcbB582496d631466E29B5c209D9218112",2],
// ["0x2E3a26a45bbd4cbAF43f6FFe4FDeE19D6fa8E025",2],
// ["0x2D6516B1f4779eb075e2851dfeAfe4ae64555322",2],
// ["0x2c84A2415d0CBF2560Ef43FE6Be950dEa14484Cc",2],
// ["0x2c84A2415d0CBF2560Ef43FE6Be950dEa14484Cc",2],
// ["0x2C83ED4E45b1e7a8b48C8333c28CBDa1dBe985a2",2],
// ["0x2A675B1bE370413da0555c3422992e68Db0B8c70",2],
// ["0x29bcCd70358a2815a92904aFF7A7cDD0d1d9d425",2],
// ["0x29610D733788a2106f7bbcFc167486C2Dcea66CA",2],
// ["0x29331fD0116F2C0b6D1520C44a105ea582EfF6aD",2],
// ["0x28F8F13b4Fc8A2bf4bF0D87065eABc511dD4eFf3",2],
// ["0x28e89864DA90b225ee5D8fAe97aB55f580342d8f",2],
// ["0x280ba0D2d4A0601617ac76CEb7CB0c9c8EE7d669",2],
// ["0x27107510Ef41C9C66Aac93a3Ccd1688eB7C8F76F",2],
// ["0x27107510Ef41C9C66Aac93a3Ccd1688eB7C8F76F",2],
// ["0x27107510Ef41C9C66Aac93a3Ccd1688eB7C8F76F",2],
// ["0x26E19CCA51e13e9878F1f40c25867691C451F37f",2],
// ["0x26de967198504C92CCB6f1DB30006758BF79774d",2],
// ["0x26B731d0fB8891465ba2fABBC56870D99148c0a9",2],
// ["0x2645f89b53DecD2a38E9de6AcfA0E004204a1616",2],
// ["0x2595476608847CE82A6099b3389d135db5Dc67A6",2],
// ["0x251875A9690884881b653633ab0dEF6e9a9C7CBb",2],
// ["0x24C0FC9108112b83eAd40679aB50AE774540C834",2],
// ["0x24827C533E1EDb8FAE2C0B2f8B931aF6499a3f0E",2],
// ["0x2375a10970170778a5cC508Ac9C63CFE263C1ED7",2],
// ["0x2331e385508890752d5BEE414235768816dEb997",2],
// ["0x22cEF00227d60b01D9958076377b4C769d2D87b5",2],
// ["0x21a93CC61577A1219F3A5b1b9C2523895bE8042a",2],
// ["0x219F68Edbb96835383A036f50eC0aC2FC5159FcA",2],
// ["0x210790e3E0d62ffc5215c5605Bcbcb90b46C6dEb",2],
// ["0x20adAdB38d0Eb6DFE0C68A426468145752a7B1dc",2],
// ["0x1f803dA3c84d161eE0ad5da5f15595d5B470cA0F",2],
// ["0x1F7Bda8C3A86E4994147ef4004f1516EAE60Af4e",2],
// ["0x1dFc6a9D8662A2bA47d372F9cC64084174FA6F70",2],
// ["0x1D92A4E4c9abFF0559879409c540f79A2e3EaE73",2],
// ["0x1d27493523A765a32bb1D294096DacC1fEe88352",2],
// ["0x1C83dcb25EE2BE29720e69b31eC7aBf413A02026",2],
// ["0x1C83dcb25EE2BE29720e69b31eC7aBf413A02026",2],
// ["0x1c6F6c4Eff26070Aa56BFEcfC48A4C42a9c3Ee93",2],
// ["0x1C5D2468A5b5e11d9D38b2A59E58556d3431f26d",2],
// ["0x1Bae24F8cBdbcf946F9E17626338936AB5518958",2],
// ["0x1Bae24F8cBdbcf946F9E17626338936AB5518958",2],
// ["0x1a80dbbe3CcE4091885eD5Ca459E3C1B9A7cb63e",2],
// ["0x1a5b4Ba4E8461Fd7482419465d8208C72efAf559",2],
// ["0x1A3Ca8101a384B56C1F48dAbB5114e862C1337Ee",2],
// ["0x18ac04684965e8cc9c713b692E67664b46E0420d",2],
// ["0x186Ce43066ACfE2144fAd113A166e0979Fc8eEE1",2],
// ["0x155367b0E10915c8dBe69dD5BF4c484b8b3A8a11",2],
// ["0x1529BA5432576A933Fb5F5Cc470aB9139beCa1eF",2],
// ["0x14e461a616514b939aF717785d7d62807d7E78E0",2],
// ["0x1488691D68758F4F94ad4B35e3A5cA87597D414F",2],
// ["0x136E205D8E7fCb5B1f0c5C4cE0cad09aa1c6aa90",2],
// ["0x1294D141071207E9f8C3642c2E7d779727d57f73",2],
// ["0x11D93798de368f8A8020f2Ea381e0f2d1c85d58D",2],
// ["0x118Dd02AEa326eDBF08AC4CA7b7926af75741126",2],
// ["0x1157e8A88AA72c78A6931c0740C073a9cAfa21Fb",2],
// ["0x1157e8A88AA72c78A6931c0740C073a9cAfa21Fb",2],
// ["0x10757D1207aafD989742F024f80c8B9Eb69c8Ee4",2],
// ["0x0f86577d9C6d0906055641bfc1f0ab9a47058E10",2],
// ["0x0F6881d969e61Bf2FAF2450B5C94968f96b4A7E6",2],
// ["0x0EEB35b785eFD46D381FF2746d02A0c9537CF97f",2],
// ["0x0ECB89C121b759b6284d9e225364c76bfa1AEabB",2],
// ["0x0Ea3C5e8e543656615FaeBf9160c9138647c3B78",2],
// ["0x0e8342F1B18e8Db4F81a3Ec629FE4AB20dDdDB9e",2],
// ["0x0E70831e1CA3bB98372b456A5F05160b46722195",2],
// ["0x0dBFDe85AA5d18C1e51A7Fe4B15B1a84B726a383",2],
// ["0x0cd392CDab1Aa4127a2C9174c41e8FEf2169d7fD",2],
// ["0x0bD5AA2cD4682252D8B4b36A66C9D174112E59aB",2],
// ["0x0bd294Cb513F51B3150232D5aE38bdc30Ed40877",2],
// ["0x0bB368Ba1103d321145DeC3622Bb5c94a4247ddf",2],
// ["0x0B4569134F58F80F1cA0f5B5147864B4c8eBD0Be",2],
// ["0x0b15C4146D75837cCA065B0C29Ee4e98aA884791",2],
// ["0x0a4E936397f6E6273b174B483a1ea49f6345103E",2],
// ["0x0982065ED29ED5d5BE4b348c5b0A9b32A27Ece5F",2],
// ["0x07F9D6e4dE4FAF187373A83C70A35074D44AD31C",2],
// ["0x07cB6c751694f0dfEF01F28d4FAC3CDeB4fB64Cc",2],
// ["0x07cB6c751694f0dfEF01F28d4FAC3CDeB4fB64Cc",2],
// ["0x0705b02503136c86c2D1b139EbDe283fb952732E",2],
// ["0x068efd045fB8cA81bB282F4144B6988a55a42ef8",2],
// ["0x066BEe483c7ADDBc1972C2e2fFB16a06E5589012",2],
// ["0x063DcDc9AC94d5d25369c6C7eD136FEb8CDb30e0",2],
// ["0x062a79fa548b17e036cc39e547b37810EFA87253",2],
// ["0x06242AD5bd691919Bd8002c6533Dba3c6d2dE011",2],
// ["0x05d822A0814934049671b9F3B321aDC168E164e0",2],
// ["0x0564BFc49B52E7d67E8Bad031aC7E7391290B60B",2],
// ["0x047ed604B205b5078FAD3469e25D37e4B1F7D377",2],
// ["0x03Ecf731E2772c2f468590119c0749dD85c87D01",2],
// ["0x034DA80a4b991202db161914923f621d433715d3",2],
// ["0x02f0301E27f40f32A46c00716fb7dCa6f90c7D61",2],
// ["0x02D81A575a83F0cdb57eb6A1aba4A7CC8Dba0Dab",2],
// ["0x02BEDd8A8A2a5C0F5805e58FDBbA2078DBf95188",2],
// ["0x02B71589Faf8A99b3b96ea2564591D535628a040",2],
// ["0x0273Fd04A36715574100a08161D7C7b59c86DdF8",2],
// ["0x01d98C6d2b2f6aB18f442258a240B6399867025a",2],
// ["0x015F175A3dbf6682570DE27e1aA6cCB825D38FDd",2],
// ["0xFfFD3b5c9bDBf0573a554664A049302F34b1492D",1],
// ["0xfFDCc6f605e1c390eA8df91F227eFB1eee917A5D",1],
// ["0xfFD028fFFF87dcafe87F1d7267c21c3658D3DC91",1],
// ["0xFf85324b56331770cE4794808D9Af9d347C02a1E",1],
// ["0xff6fe669221C551A3F4EcbBD7EDdba565acbd613",1],
// ["0xff54C1a9dBFb65450133dC6EE15e54a0BCcc294E",1],
// ["0xff54C1a9dBFb65450133dC6EE15e54a0BCcc294E",1],
// ["0xff54C1a9dBFb65450133dC6EE15e54a0BCcc294E",1],
// ["0xFF26D598D30876B35c6aF178e31BCF26f0842672",1],
// ["0xff20C1C3c42e1eeAa3826D51fdAE52c9D1dD3B0E",1],
// ["0xfF17A2BB01E0C78fAF12476e96af5E0F5B7fb076",1],
// ["0xfF0B4e10cdEb33Aa734596C48e282bf030688Bdd",1],
// ["0xfF02740DDC0bde4Aac138A934E8a248fDDf9b424",1],
// ["0xfF02740DDC0bde4Aac138A934E8a248fDDf9b424",1],
// ["0xfEFF89A00951C5D95dce3043DdF7568D5F9Fdd62",1],
// ["0xFEFd9b9345a29819C4AAfCAdb1Ea959d0Ce2809c",1],
// ["0xFEFd9b9345a29819C4AAfCAdb1Ea959d0Ce2809c",1],
// ["0xfEdE20a27d8A200Aa3CcD1644D6a27F9A23da5ff",1],
// ["0xfEdE20a27d8A200Aa3CcD1644D6a27F9A23da5ff",1],
// ["0xfEdE20a27d8A200Aa3CcD1644D6a27F9A23da5ff",1],
// ["0xfEdE20a27d8A200Aa3CcD1644D6a27F9A23da5ff",1],
// ["0xfEdE20a27d8A200Aa3CcD1644D6a27F9A23da5ff",1],
// ["0xfEbfc946c83E5C9cF93720c9bA3d90d4Edfd30Ad",1],
// ["0xFEbFa4be3202dFde0c9bBF32C5decDB00732D1F7",1],
// ["0xFEa0f94925d556C152A6fb487e08182b95668da2",1],
// ["0xFE86177274f1B70b8937A6972DEA846c815dbF3A",1],
// ["0xFE86177274f1B70b8937A6972DEA846c815dbF3A",1],
// ["0xFE86177274f1B70b8937A6972DEA846c815dbF3A",1],
// ["0xFE86177274f1B70b8937A6972DEA846c815dbF3A",1],
// ["0xFE86177274f1B70b8937A6972DEA846c815dbF3A",1],
// ["0xFE86177274f1B70b8937A6972DEA846c815dbF3A",1],
// ["0xFE86177274f1B70b8937A6972DEA846c815dbF3A",1],
// ["0xFE86177274f1B70b8937A6972DEA846c815dbF3A",1],
// ["0xFE86177274f1B70b8937A6972DEA846c815dbF3A",1],
// ["0xFE86177274f1B70b8937A6972DEA846c815dbF3A",1],
// ["0xFE86177274f1B70b8937A6972DEA846c815dbF3A",1],
// ["0xFE86177274f1B70b8937A6972DEA846c815dbF3A",1],
// ["0xfE7d18876BbDd49ef3b7590C5AD4918758107279",1],
// ["0xfE7d18876BbDd49ef3b7590C5AD4918758107279",1],
// ["0xfe4B311ADD821F850E506f97545d06B9601847eD",1],
// ["0xFe43B983c9235ce92B5318953Fa1B0c2f307e205",1],
// ["0xFe43B983c9235ce92B5318953Fa1B0c2f307e205",1],
// ["0xFE41db35ee31d242b60C429282c1C078188F2fF6",1],
// ["0xfE273e4af0000382A440AD4Cc1AF877Ac99a38ec",1],
// ["0xfE18f94274070b35c3ae827Fa6F49407792023B5",1],
// ["0xfe0d0Dd7fac92E944464B6CC0f37a80e78786B03",1],
// ["0xfe0d0Dd7fac92E944464B6CC0f37a80e78786B03",1],
// ["0xfe0d0Dd7fac92E944464B6CC0f37a80e78786B03",1],
// ["0xfE077411306CF93a273B71C2917f750119f97D4b",1],
// ["0xfE077411306CF93a273B71C2917f750119f97D4b",1],
// ["0xfE077411306CF93a273B71C2917f750119f97D4b",1],
// ["0xFDfb9243dD1A3F5CE834936E46428e5589D3C967",1],
// ["0xFDfb9243dD1A3F5CE834936E46428e5589D3C967",1],
// ["0xFDfb9243dD1A3F5CE834936E46428e5589D3C967",1],
// ["0xfDD11a6813C11Bb3933997F8ea4881Fdc1626820",1],
// ["0xFDbB70165F92f6DFA961D6e7C6f1A064c97fE521",1],
// ["0xfDB9F0fD96FF62F61435d2f2523AD712Cf51a1e7",1],
// ["0xfdB7266DA41d2b3d872459eE4CB8037c11EB84BF",1],
// ["0xfdB7266DA41d2b3d872459eE4CB8037c11EB84BF",1],
// ["0xfdB658ed953C6AC35Eca0D3E43517bd2dae16935",1],
// ["0xfd91849a2A529f601d7233d2aB94C39c716058b3",1],
// ["0xfd87f3994E09266227a9A65cd068f5f8700a580f",1],
// ["0xfd79A85EA8BC762c559c965E397555628Bd47518",1],
// ["0xFd5f24D9eA3B8b03195daBFEaa09806dbaE8c4Ee",1],
// ["0xFd5f24D9eA3B8b03195daBFEaa09806dbaE8c4Ee",1],
// ["0xFd5f24D9eA3B8b03195daBFEaa09806dbaE8c4Ee",1],
// ["0xfD47E03FCefF3577AAFE2E8A5c58a14c177fA152",1],
// ["0xfD459c1B5e80EC380d0474e61617a73cCcCDe043",1],
// ["0xfD459c1B5e80EC380d0474e61617a73cCcCDe043",1],
// ["0xFD4366903ecDaFa0A37a195E6b51515B95340754",1],
// ["0xFD4366903ecDaFa0A37a195E6b51515B95340754",1],
// ["0xFD4366903ecDaFa0A37a195E6b51515B95340754",1],
// ["0xFd38aE6485323B0d803F1272Ed72af3b6b5D7936",1],
// ["0xFd12f3dfE0a7b6b524a619137863Bc3EdFc4b3D3",1],
// ["0xFd09a8f86d802c88e8FD5E70EAEf04Be99fbA8A2",1],
// ["0xFd00eB63557FCbeF11772111FE3D18f7592932c4",1],
// ["0xFd00eB63557FCbeF11772111FE3D18f7592932c4",1],
// ["0xFd00eB63557FCbeF11772111FE3D18f7592932c4",1],
// ["0xfce5aD8AcE853187330b0C4AfcBfeCBb7474ACB8",1],
// ["0xFcE45558413f2B83E6600B3F7d78ffE8aC8A332c",1],
// ["0xfcd38b930aF5f0D44E9d7c18B211BeFe76bE23CB",1],
// ["0xfcd38b930aF5f0D44E9d7c18B211BeFe76bE23CB",1],
// ["0xFcAfaD2Be096f8ae9AfD0E23b066cb42080e5825",1],
// ["0xFC8dd6c292E005Eaf8DF7Fd98125D8100136E8AD",1],
// ["0xFc824074F77644D74e6e960C56B31E559C87EE6b",1],
// ["0xFC779f80C92c836D394D2D2f435C79d2AD80D676",1],
// ["0xFC779f80C92c836D394D2D2f435C79d2AD80D676",1],
// ["0xFC779f80C92c836D394D2D2f435C79d2AD80D676",1],
// ["0xFC779f80C92c836D394D2D2f435C79d2AD80D676",1],
// ["0xFC779f80C92c836D394D2D2f435C79d2AD80D676",1],
// ["0xFC779f80C92c836D394D2D2f435C79d2AD80D676",1],
// ["0xfC4F67c62b8Ce590f07C9B9Ab6a211549f371196",1],
// ["0xfC4F67c62b8Ce590f07C9B9Ab6a211549f371196",1],
// ["0xfC4F67c62b8Ce590f07C9B9Ab6a211549f371196",1],
// ["0xfC4F67c62b8Ce590f07C9B9Ab6a211549f371196",1],
// ["0xfC4F67c62b8Ce590f07C9B9Ab6a211549f371196",1],
// ["0xfc4d4E15Bf9674132B529a6E596D525775BC873D",1],
// ["0xFC143573F6626E1D6176b1478F4fc64997c8b0d3",1],
// ["0xFC143573F6626E1D6176b1478F4fc64997c8b0d3",1],
// ["0xFC143573F6626E1D6176b1478F4fc64997c8b0d3",1],
// ["0xFC143573F6626E1D6176b1478F4fc64997c8b0d3",1],
// ["0xFC143573F6626E1D6176b1478F4fc64997c8b0d3",1],
// ["0xFC143573F6626E1D6176b1478F4fc64997c8b0d3",1],
// ["0xfbF40331CA2fE436F29453bdAB7a42e944982B1b",1],
// ["0xfbF40331CA2fE436F29453bdAB7a42e944982B1b",1],
// ["0xfbF40331CA2fE436F29453bdAB7a42e944982B1b",1],
// ["0xFbF10F64FCD865587638c7F83B8408E85A632b8B",1],
// ["0xFBe31317B355E81fc3D0c651F10E070Ac6Af3bE2",1],
// ["0xFBDBCc8921d67744a1696B4B6b55CE5c041DD6b5",1],
// ["0xFbDa1cD7912c27ce4e0Ea637A30F88f0e5653128",1],
// ["0xfBD9bc7214ed610a36de7d184346723E911a37ee",1],
// ["0xfBD9bc7214ed610a36de7d184346723E911a37ee",1],
// ["0xfBD9bc7214ed610a36de7d184346723E911a37ee",1],
// ["0xfBD9bc7214ed610a36de7d184346723E911a37ee",1],
// ["0xfbc17E07f3e4D4F02aFB7ad850f689652c62426d",1],
// ["0xfbc17E07f3e4D4F02aFB7ad850f689652c62426d",1],
// ["0xfbaF40351Af2881B7dC6Fe3bD2fc01BB9f60Bc51",1],
// ["0xFb9e06590cC95A65BFe1c3EA06257696F4653CF5",1],
// ["0xfB905657e4E68328fCFB63839679B1b6674e70a8",1],
// ["0xfb8ef81169FfC540f2a2c696FAaC3185aa0cFe00",1],
// ["0xfb7aC1a8E250008a168b051bae88d207fbf5F83e",1],
// ["0xFb53e16896092b0CFAfCbf9Fc82152B67E79381e",1],
// ["0xFB42E9FC725516FC2905074A3134AB417B08097C",1],
// ["0xFB42E9FC725516FC2905074A3134AB417B08097C",1],
// ["0xFB42E9FC725516FC2905074A3134AB417B08097C",1],
// ["0xFB3Adda5454d23f5A60Ee12cAF75891e9712f9D3",1],
// ["0xFB3Adda5454d23f5A60Ee12cAF75891e9712f9D3",1],
// ["0xFb27F3817cD71753340566F41c3D828D6De17469",1],
// ["0xFb1Fa98aB09ac772F7A9AE163A57B594a6113d47",1],
// ["0xfB0ef97a158a6911656422Abaf025C0f548F6927",1],
// ["0xfB0ef97a158a6911656422Abaf025C0f548F6927",1],
// ["0xfB0ef97a158a6911656422Abaf025C0f548F6927",1],
// ["0xfafe43F68A54968C32C02538d507965a4F344bD6",1],
// ["0xfaf970CC5ef2960b80a97C92a3EBE77DC6eC9028",1],
// ["0xfAe3Ed919C3D0796D1a6B794402a9ecc10d504C5",1],
// ["0xfae2b3C41D09761f9B8340eF5071401888Bd47F6",1],
// ["0xfae2b3C41D09761f9B8340eF5071401888Bd47F6",1],
// ["0xfae2b3C41D09761f9B8340eF5071401888Bd47F6",1],
// ["0xfae2b3C41D09761f9B8340eF5071401888Bd47F6",1],
// ["0xFADAcA7Eef9583e3EF6c539bfAe646539908a5B8",1],
// ["0xFab5C3c58f2E853268483c4f3d3B65C309B27AFc",1],
// ["0xFab5C3c58f2E853268483c4f3d3B65C309B27AFc",1],
// ["0xFaa26B0FA84CDCF1efC40d395C868bf294cDC115",1],
// ["0xfA99a2C2C695D98ADF738d3DB98e1BBc672E93BD",1],
// ["0xfA99a2C2C695D98ADF738d3DB98e1BBc672E93BD",1],
// ["0xFa92031d2580AA8Ad041C29C1Cb674072142ea0C",1],
// ["0xFa92031d2580AA8Ad041C29C1Cb674072142ea0C",1],
// ["0xFa92031d2580AA8Ad041C29C1Cb674072142ea0C",1],
// ["0xfa6cDB7849952c96D7C0B8030aF469ac8874A355",1],
// ["0xFa528C06DB489E45d7BF81049C06DBE9eB80AAed",1],
// ["0xfa42F7A96846d282471ABb61dCa407EDc4c2e561",1],
// ["0xfa42F7A96846d282471ABb61dCa407EDc4c2e561",1],
// ["0xfa42F7A96846d282471ABb61dCa407EDc4c2e561",1],
// ["0xfa42F7A96846d282471ABb61dCa407EDc4c2e561",1],
// ["0xfa42F7A96846d282471ABb61dCa407EDc4c2e561",1],
// ["0xfa42F7A96846d282471ABb61dCa407EDc4c2e561",1],
// ["0xFA04351E5bfE62939Bf7b25d11703F8CC58194E1",1],
// ["0xFA04351E5bfE62939Bf7b25d11703F8CC58194E1",1],
// ["0xFA04351E5bfE62939Bf7b25d11703F8CC58194E1",1],
// ["0xFA04351E5bfE62939Bf7b25d11703F8CC58194E1",1],
// ["0xF9F342828d2619B38217968829D8a5972744C6AF",1],
// ["0xF9F342828d2619B38217968829D8a5972744C6AF",1],
// ["0xF9F342828d2619B38217968829D8a5972744C6AF",1],
// ["0xF9C8a4680C2753dF4E805dDdCb3432CD56358457",1],
// ["0xf9B666A6eFdb54CA4F145154aDD88b58b6EE7DA0",1],
// ["0xf9B666A6eFdb54CA4F145154aDD88b58b6EE7DA0",1],
// ["0xf9B666A6eFdb54CA4F145154aDD88b58b6EE7DA0",1],
// ["0xf9B666A6eFdb54CA4F145154aDD88b58b6EE7DA0",1],
// ["0xf9B666A6eFdb54CA4F145154aDD88b58b6EE7DA0",1],
// ["0xf9B666A6eFdb54CA4F145154aDD88b58b6EE7DA0",1],
// ["0xf9B666A6eFdb54CA4F145154aDD88b58b6EE7DA0",1],
// ["0xf9B666A6eFdb54CA4F145154aDD88b58b6EE7DA0",1],
// ["0xF9b53cccb31FB87673ACD5867Ee07436e65c5F42",1],
// ["0xF9b53cccb31FB87673ACD5867Ee07436e65c5F42",1],
// ["0xF9b53cccb31FB87673ACD5867Ee07436e65c5F42",1],
// ["0xF9B154D43397805f8AE4c1dC4F987362D490b50A",1],
// ["0xf9af228B0e45eFF479eD37E45bd4aAbe15933777",1],
// ["0xf9af228B0e45eFF479eD37E45bd4aAbe15933777",1],
// ["0xf9af228B0e45eFF479eD37E45bd4aAbe15933777",1],
// ["0xf9af228B0e45eFF479eD37E45bd4aAbe15933777",1],
// ["0xf9af228B0e45eFF479eD37E45bd4aAbe15933777",1],
// ["0xf9af228B0e45eFF479eD37E45bd4aAbe15933777",1],
// ["0xf9af228B0e45eFF479eD37E45bd4aAbe15933777",1],
// ["0xf9af228B0e45eFF479eD37E45bd4aAbe15933777",1],
// ["0xF9a8eD074a67A458842A36927fCc7e32793ff7d8",1],
// ["0xf9991A7F340D6d91c61E2cd00A986b77aDc57008",1],
// ["0xf9991A7F340D6d91c61E2cd00A986b77aDc57008",1],
// ["0xf9991A7F340D6d91c61E2cd00A986b77aDc57008",1],
// ["0xf9991A7F340D6d91c61E2cd00A986b77aDc57008",1],
// ["0xf9991A7F340D6d91c61E2cd00A986b77aDc57008",1],
// ["0xf9991A7F340D6d91c61E2cd00A986b77aDc57008",1],
// ["0xf998bB1BdD5e4E3b357DEb922D5E4238C65143cd",1],
// ["0xf998bB1BdD5e4E3b357DEb922D5E4238C65143cd",1],
// ["0xf998bB1BdD5e4E3b357DEb922D5E4238C65143cd",1],
// ["0xf998bB1BdD5e4E3b357DEb922D5E4238C65143cd",1],
// ["0xf998bB1BdD5e4E3b357DEb922D5E4238C65143cd",1],
// ["0xf998bB1BdD5e4E3b357DEb922D5E4238C65143cd",1],
// ["0xF9824b8e56D1AE72374e51Dec86db35807B7d3dc",1],
// ["0xF9824b8e56D1AE72374e51Dec86db35807B7d3dc",1],
// ["0xF9824b8e56D1AE72374e51Dec86db35807B7d3dc",1],
// ["0xF9824b8e56D1AE72374e51Dec86db35807B7d3dc",1],
// ["0xf970ecAf95C340c1aD61D9d8E7D2Ee8cCD5a6490",1],
// ["0xf970ecAf95C340c1aD61D9d8E7D2Ee8cCD5a6490",1],
// ["0xf970ecAf95C340c1aD61D9d8E7D2Ee8cCD5a6490",1],
// ["0xf970ecAf95C340c1aD61D9d8E7D2Ee8cCD5a6490",1],
// ["0xf970ecAf95C340c1aD61D9d8E7D2Ee8cCD5a6490",1],
// ["0xf970ecAf95C340c1aD61D9d8E7D2Ee8cCD5a6490",1],
// ["0xf96Ca4755F883734cb55FA0b2e57b0FB6aB8C4ff",1],
// ["0xf96Ca4755F883734cb55FA0b2e57b0FB6aB8C4ff",1],
// ["0xf96Ca4755F883734cb55FA0b2e57b0FB6aB8C4ff",1],
// ["0xf96Ca4755F883734cb55FA0b2e57b0FB6aB8C4ff",1],
// ["0xf96Ca4755F883734cb55FA0b2e57b0FB6aB8C4ff",1],
// ["0xf966967f698812Ee04448AA7eb279861ba60c593",1],
// ["0xf966967f698812Ee04448AA7eb279861ba60c593",1],
// ["0xf966967f698812Ee04448AA7eb279861ba60c593",1],
// ["0xf966967f698812Ee04448AA7eb279861ba60c593",1],
// ["0xf95F9746aA7f9aaef91c23ccb4389f4ae5EFCC27",1],
// ["0xF959470a597add5661171B6D487FF17839d37A9C",1],
// ["0xF93cD93c8A217C6a3967907F8BDb0169a70500E0",1],
// ["0xF90107f139C123Fb59d35392AA46e5e8B3D03005",1],
// ["0xf8E8AE015293bfa99Be14B599324398F1f47C718",1],
// ["0xf8E8AE015293bfa99Be14B599324398F1f47C718",1],
// ["0xf8e7D617189B7E820A034EA5A5c1c6685b26F149",1],
// ["0xF8B25806a011D9294D30C9e4Cf113900BEd290D1",1],
// ["0xF8B25806a011D9294D30C9e4Cf113900BEd290D1",1],
// ["0xf8A8763316ed8E49de58DfFb750d7cC1f665F3F5",1],
// ["0xf8A8763316ed8E49de58DfFb750d7cC1f665F3F5",1],
// ["0xf8A8763316ed8E49de58DfFb750d7cC1f665F3F5",1],
// ["0xf898B341315306b18209b722e1D1f93620898777",1],
// ["0xf882DAb30917Bd7F50B710df90a27c900a792Eb5",1],
// ["0xf882DAb30917Bd7F50B710df90a27c900a792Eb5",1],
// ["0xf882DAb30917Bd7F50B710df90a27c900a792Eb5",1],
// ["0xf882DAb30917Bd7F50B710df90a27c900a792Eb5",1],
// ["0xf882DAb30917Bd7F50B710df90a27c900a792Eb5",1],
// ["0xf882DAb30917Bd7F50B710df90a27c900a792Eb5",1],
// ["0xF87873D00e59daee7da5729291E6b4359E8337ba",1],
// ["0xf863e65C1d22A85489f4863f5ecebD125b986697",1],
// ["0xf863e65C1d22A85489f4863f5ecebD125b986697",1],
// ["0xF84bfd85050a58FaE8a803c71bAB75B343aafB4a",1],
// ["0xF84bfd85050a58FaE8a803c71bAB75B343aafB4a",1],
// ["0xF84a44435442FAf6E7ea7F784cc4472ac29a4c26",1],
// ["0xF84a44435442FAf6E7ea7F784cc4472ac29a4c26",1],
// ["0xF84a44435442FAf6E7ea7F784cc4472ac29a4c26",1],
// ["0xF8401CBeBdE6DB7dF6236721dfAceFf87b90E556",1],
// ["0xF8401CBeBdE6DB7dF6236721dfAceFf87b90E556",1],
// ["0xF8401CBeBdE6DB7dF6236721dfAceFf87b90E556",1],
// ["0xf82b25355A3265a1501af846bFD0e1d42135aD27",1],
// ["0xf82b25355A3265a1501af846bFD0e1d42135aD27",1],
// ["0xf8139BEe78F8A7c85e85b4BA914B71980578989C",1],
// ["0xf8139BEe78F8A7c85e85b4BA914B71980578989C",1],
// ["0xf801c420B5cd2D7935d8177a1973386A01D2538e",1],
// ["0xF7C827709646D5412A30941660ACc62D0c01aE86",1],
// ["0xF7C827709646D5412A30941660ACc62D0c01aE86",1],
// ["0xF7C6CA697d01173C7a86285E0234aA058A8cfA83",1],
// ["0xF7C6CA697d01173C7a86285E0234aA058A8cfA83",1],
// ["0xF799e6577d2E1c123109cc9da0CC004B2Da38105",1],
// ["0xf77be36C93C5B4f332006BBE1985c2933020a4C4",1],
// ["0xf756d06c1DF47e0E5f5CCE132Bc329f4AEfF0d35",1],
// ["0xf742365285D3c07c8DF168786E769AE95708AD57",1],
// ["0xf742365285D3c07c8DF168786E769AE95708AD57",1],
// ["0xf742365285D3c07c8DF168786E769AE95708AD57",1],
// ["0xf73EEFB09B7094B92F14873d96d8f85574e7c8b2",1],
// ["0xf73EEFB09B7094B92F14873d96d8f85574e7c8b2",1],
// ["0xf73EEFB09B7094B92F14873d96d8f85574e7c8b2",1],
// ["0xf7317e3D0d07E4B85d2a37329b53bee18fb59AA3",1],
// ["0xF7316A09f4Ae83CaefAC0795B250Da738d629773",1],
// ["0xf71426fa16B21f40924943b2f3A697C8210Fa285",1],
// ["0xf71426fa16B21f40924943b2f3A697C8210Fa285",1],
// ["0xf6EF05f182ec0E6bc531F5330F963154D08AAdd7",1],
// ["0xF6C1ecad35B7E052b07C39C955303eC9f50eeeD4",1],
// ["0xF6B6ecB758eDb258759a0Ab6383156E95be023BC",1],
// ["0xF6b489447806bB807b3E5a69c187997f1829Da27",1],
// ["0xF6b489447806bB807b3E5a69c187997f1829Da27",1],
// ["0xF6b489447806bB807b3E5a69c187997f1829Da27",1],
// ["0xF69255f9f35826A341eBE6Cece338Fa388Dfa67F",1],
// ["0xf6912AF6f1AFF10290594dC173E24A7625820750",1],
// ["0xf6912AF6f1AFF10290594dC173E24A7625820750",1],
// ["0xf6912AF6f1AFF10290594dC173E24A7625820750",1],
// ["0xf6912AF6f1AFF10290594dC173E24A7625820750",1],
// ["0xf6912AF6f1AFF10290594dC173E24A7625820750",1],
// ["0xf6912AF6f1AFF10290594dC173E24A7625820750",1],
// ["0xf68cF00968f5A33dEf5721752c98cb1299328440",1],
// ["0xf68698749ce0f77e9Fd8d30D31528E7a8746f047",1],
// ["0xF679478D17A0945e367A51823c95C9Ffe7527462",1],
// ["0xF679478D17A0945e367A51823c95C9Ffe7527462",1],
// ["0xF679478D17A0945e367A51823c95C9Ffe7527462",1],
// ["0xF679478D17A0945e367A51823c95C9Ffe7527462",1],
// ["0xF679478D17A0945e367A51823c95C9Ffe7527462",1],
// ["0xF679478D17A0945e367A51823c95C9Ffe7527462",1],
// ["0xF679478D17A0945e367A51823c95C9Ffe7527462",1],
// ["0xF679478D17A0945e367A51823c95C9Ffe7527462",1],
// ["0xF679478D17A0945e367A51823c95C9Ffe7527462",1],
// ["0xF679478D17A0945e367A51823c95C9Ffe7527462",1],
// ["0xF679478D17A0945e367A51823c95C9Ffe7527462",1],
// ["0xF679478D17A0945e367A51823c95C9Ffe7527462",1],
// ["0xF679478D17A0945e367A51823c95C9Ffe7527462",1],
// ["0xF64f5a542d7f2e71e3E400d5D41058EdBb035bD1",1],
// ["0xF64f5a542d7f2e71e3E400d5D41058EdBb035bD1",1],
// ["0xF64f5a542d7f2e71e3E400d5D41058EdBb035bD1",1],
// ["0xf64275eA92811fF621467241f479dbf7A24bcb97",1],
// ["0xf637a64783Bdd868961472E47473fBB6cb3bB44a",1],
// ["0xF632BaFd8ab75FB53380280cd9eFA41BF237aF0d",1],
// ["0xF63138609Cf278BEbB2e37240DCc27bc705a13D5",1],
// ["0xf623F0Ccd0AC39bd6c8CE399199599b7FB0cE306",1],
// ["0xF6220f926f521881B3dd5277290E8A3dEF248965",1],
// ["0xf6142Ee3C67DFBFf0077c05b1d17ab153872B5d5",1],
// ["0xF5f54AA99F517f4502Cc19c45e1478173eD1F956",1],
// ["0xF5f54AA99F517f4502Cc19c45e1478173eD1F956",1],
// ["0xF5f54AA99F517f4502Cc19c45e1478173eD1F956",1],
// ["0xF5f54AA99F517f4502Cc19c45e1478173eD1F956",1],
// ["0xF5f54AA99F517f4502Cc19c45e1478173eD1F956",1],
// ["0xF5f54AA99F517f4502Cc19c45e1478173eD1F956",1],
// ["0xF5f54AA99F517f4502Cc19c45e1478173eD1F956",1],
// ["0xF5f54AA99F517f4502Cc19c45e1478173eD1F956",1],
// ["0xF5f54AA99F517f4502Cc19c45e1478173eD1F956",1],
// ["0xF5f54AA99F517f4502Cc19c45e1478173eD1F956",1],
// ["0xf5ec1A4cea8e94E6441F2f44ed1d05aC86E204Ba",1],
// ["0xf5dD80951Fc55FA62B794D05B5782aFdb59Cb571",1],
// ["0xf5cE39DEA06A75714098250F389d987e1545BB09",1],
// ["0xf5cE39DEA06A75714098250F389d987e1545BB09",1],
// ["0xF5Ae28A9cdb1D4FCBA50D4c0eB88B0bD18044726",1],
// ["0xF5Ae28A9cdb1D4FCBA50D4c0eB88B0bD18044726",1],
// ["0xF5Ae28A9cdb1D4FCBA50D4c0eB88B0bD18044726",1],
// ["0xF5Ae28A9cdb1D4FCBA50D4c0eB88B0bD18044726",1],
// ["0xF5Ae28A9cdb1D4FCBA50D4c0eB88B0bD18044726",1],
// ["0xf5a5D1Ff0d727A3288Bf988AC284dFB8ce39e3c8",1],
// ["0xF5716201150A55b2c75378277E6246f7D4A86a95",1],
// ["0xf56e315f94C1694817f55eCB6929e0BFE0B686E4",1],
// ["0xf56cacDA7E99e20abE71AaA6048879758573ce69",1],
// ["0xf54715F30F85b81695AD5bEd74Abe7359C870eBD",1],
// ["0xf54715F30F85b81695AD5bEd74Abe7359C870eBD",1],
// ["0xF52556122e01DAdb627c3Caf543f687EB3c2B6Ae",1],
// ["0xF50Fd92da82E05920f720Bf6082EFb2F26cdAB28",1],
// ["0xF50cB9d4FB782d3c1bc956D6B87D4A85749391F6",1],
// ["0xF50cB9d4FB782d3c1bc956D6B87D4A85749391F6",1],
// ["0xF50C7A1c319F7ef61A4076222dc6Ee5381DF9123",1],
// ["0xf4f5F3FaFE1F380b36f8a94bAb62520Ce7Fa9Cd9",1],
// ["0xF4cF501c73b3775ED73F1F6151b1117720c25E93",1],
// ["0xf4a4204BfDf4005Cc3Df24994AD387693C0a14c4",1],
// ["0xF48A35eA51d60bE3e8B7Eaf91f3DcAAc06a57cc2",1],
// ["0xF48A35eA51d60bE3e8B7Eaf91f3DcAAc06a57cc2",1],
// ["0xF48A35eA51d60bE3e8B7Eaf91f3DcAAc06a57cc2",1],
// ["0xF48A35eA51d60bE3e8B7Eaf91f3DcAAc06a57cc2",1],
// ["0xf47a3756864f5daF15F5c6Af454C2c8ec68F96b6",1],
// ["0xf4389D09b64406F7aCd63202a2627601260dAa16",1],
// ["0xF42642B5607a0d46180D7F554af2760a60c2aF7f",1],
// ["0xF42642B5607a0d46180D7F554af2760a60c2aF7f",1],
// ["0xF42642B5607a0d46180D7F554af2760a60c2aF7f",1],
// ["0xF3F10B68faC6c0bf51b4ce4151fd0f94711EA052",1],
// ["0xF3d853E9b01D431Ce70d538830C5d28A11DfC0a4",1],
// ["0xF3D3E9a8142a69ca058005fE80ccFE53AC9dc37e",1],
// ["0xf3C605A5cAC8A289d32a6Bdd474c7D74Dcac9C9d",1],
// ["0xf3c6010abf6a81aac80fa52C01b7240755eFa1A4",1],
// ["0xF3a294b3d9189F2996DF92EF752CAAE54b857e9A",1],
// ["0xF393966133D6d41A18f222B6533ecCFaA6D3bA6B",1],
// ["0xf34827Ec2a85Be8E60434d8a1B28248C67d01626",1],
// ["0xf34827Ec2a85Be8E60434d8a1B28248C67d01626",1],
// ["0xF34548727E062D661f640F998911d119E271D11C",1],
// ["0xf34512daDA4f75996ea758a433e2e3717e577eF6",1],
// ["0xF33c527c402Eb24F79870e43406EB648B4a1BE6e",1],
// ["0xf338F1870089B81301E20f8a76844Ea4651016b1",1],
// ["0xf336A48F4FB51D99DCa82050B09143002682f870",1],
// ["0xf31e2AbBf6b7fdeC0deC65a0EE9685ed3a4dC720",1],
// ["0xf31e2AbBf6b7fdeC0deC65a0EE9685ed3a4dC720",1],
// ["0xf31e2AbBf6b7fdeC0deC65a0EE9685ed3a4dC720",1],
// ["0xf31e2AbBf6b7fdeC0deC65a0EE9685ed3a4dC720",1],
// ["0xf31e2AbBf6b7fdeC0deC65a0EE9685ed3a4dC720",1],
// ["0xf30Ef8c08213324512396a1D74fD24750a6fA183",1],
// ["0xf30Ef8c08213324512396a1D74fD24750a6fA183",1],
// ["0xf2fF1D25f45DC922d4e0D06f881169e683CB0ef0",1],
// ["0xf2f2701B8072EAC2aABceaF4Ee7CD396B3CE5bf5",1],
// ["0xf2D8Aa219615E1E6e03B65da3f54544A1bc94e80",1],
// ["0xF2B2DBE08C4DdE6b7846456e5A89b1113C9Cf043",1],
// ["0xF28F9Db01d4c19B69658491420a4cD6d7A18Dd05",1],
// ["0xF28F9Db01d4c19B69658491420a4cD6d7A18Dd05",1],
// ["0xF28F9Db01d4c19B69658491420a4cD6d7A18Dd05",1],
// ["0xF28D6416Bdf5dC272B08BCA98761a0b3b94c0a5E",1],
// ["0xF28ccb37DD38443A259dc1B35814898563b884a6",1],
// ["0xf25655A130F01eff9aB38446A2A7e1E097AB3c44",1],
// ["0xf25655A130F01eff9aB38446A2A7e1E097AB3c44",1],
// ["0xf25655A130F01eff9aB38446A2A7e1E097AB3c44",1],
// ["0xF24e744Bb42bEdc92E3955748A8196Ec9CD4CfBB",1],
// ["0xF23d52C216FF79544cF6e4C223C64Afc324551F3",1],
// ["0xF23aaB73c2080F847bc89d4179b0c60488b02fF0",1],
// ["0xf1dCC7B3410eEaeb6ba764456c289De4af6af8B4",1],
// ["0xF1cbbfCb730393BeecAc0A19E33489232B4270b8",1],
// ["0xF1cbbfCb730393BeecAc0A19E33489232B4270b8",1],
// ["0xf1Be237003438b18E35Fc6E92470A913b5e118Af",1],
// ["0xF1BD6a9a326bED0ed94987b32dd47186960C5E96",1],
// ["0xF1BD6a9a326bED0ed94987b32dd47186960C5E96",1],
// ["0xF1b738aCfAcA2BAd54903f3E28232B9D8e589064",1],
// ["0xF1906E5337272880006909f1D728A4bA5C8B59D0",1],
// ["0xF1906E5337272880006909f1D728A4bA5C8B59D0",1],
// ["0xF1906E5337272880006909f1D728A4bA5C8B59D0",1],
// ["0xF1906E5337272880006909f1D728A4bA5C8B59D0",1],
// ["0xF1906E5337272880006909f1D728A4bA5C8B59D0",1],
// ["0xF1906E5337272880006909f1D728A4bA5C8B59D0",1],
// ["0xF1906E5337272880006909f1D728A4bA5C8B59D0",1],
// ["0xF1906E5337272880006909f1D728A4bA5C8B59D0",1],
// ["0xF1906E5337272880006909f1D728A4bA5C8B59D0",1],
// ["0xF1906E5337272880006909f1D728A4bA5C8B59D0",1],
// ["0xF1906E5337272880006909f1D728A4bA5C8B59D0",1],
// ["0xF1906E5337272880006909f1D728A4bA5C8B59D0",1],
// ["0xF1906E5337272880006909f1D728A4bA5C8B59D0",1],
// ["0xF1906E5337272880006909f1D728A4bA5C8B59D0",1],
// ["0xF1906E5337272880006909f1D728A4bA5C8B59D0",1],
// ["0xF1906E5337272880006909f1D728A4bA5C8B59D0",1],
// ["0xF1906E5337272880006909f1D728A4bA5C8B59D0",1],
// ["0xF1906E5337272880006909f1D728A4bA5C8B59D0",1],
// ["0xF1906E5337272880006909f1D728A4bA5C8B59D0",1],
// ["0xF1906E5337272880006909f1D728A4bA5C8B59D0",1],
// ["0xF1906E5337272880006909f1D728A4bA5C8B59D0",1],
// ["0xF1906E5337272880006909f1D728A4bA5C8B59D0",1],
// ["0xF18fa4a4AD6DeE13e8Fb33737985bAfd7F4e4fb4",1],
// ["0xF18972b5a1B2d41526050E3eDFa9Ecc0a7C1cA8b",1],
// ["0xF17C857Eb4eEDAc11d83FbCD386687503dBF173D",1],
// ["0xf16A1d70b162375ed1A5c502791df0b5241C1EB2",1],
// ["0xf16A1d70b162375ed1A5c502791df0b5241C1EB2",1],
// ["0xF167819F5c43705C8f2AaeB158aaCFabB2E0Bf84",1],
// ["0xF14E0397277F6Fae075ea0B5626C03357FE8967C",1],
// ["0xf14a8a51aD3f038F9429268c67c9bf05cdA3adD0",1],
// ["0xf14128bd3384b032124F6aEe913F14bccbe53aA6",1],
// ["0xf14128bd3384b032124F6aEe913F14bccbe53aA6",1],
// ["0xf14128bd3384b032124F6aEe913F14bccbe53aA6",1],
// ["0xf14128bd3384b032124F6aEe913F14bccbe53aA6",1],
// ["0xf14128bd3384b032124F6aEe913F14bccbe53aA6",1],
// ["0xf14128bd3384b032124F6aEe913F14bccbe53aA6",1],
// ["0xf14128bd3384b032124F6aEe913F14bccbe53aA6",1],
// ["0xf14128bd3384b032124F6aEe913F14bccbe53aA6",1],
// ["0xf14128bd3384b032124F6aEe913F14bccbe53aA6",1],
// ["0xF14119264678440Caf8a5271Fd85f49a87a659e9",1],
// ["0xF13E60F69Ea415451D77Ba06c517311602A95F51",1],
// ["0xF13bA4f2D976c3Dd7850C9F50d871E9b95D3F09B",1],
// ["0xF136164a31F626672966Dd691aA58344d0D854De",1],
// ["0xF136164a31F626672966Dd691aA58344d0D854De",1],
// ["0xF136164a31F626672966Dd691aA58344d0D854De",1],
// ["0xF136164a31F626672966Dd691aA58344d0D854De",1],
// ["0xF136164a31F626672966Dd691aA58344d0D854De",1],
// ["0xF136164a31F626672966Dd691aA58344d0D854De",1],
// ["0xF136164a31F626672966Dd691aA58344d0D854De",1],
// ["0xF136164a31F626672966Dd691aA58344d0D854De",1],
// ["0xF136164a31F626672966Dd691aA58344d0D854De",1],
// ["0xF136164a31F626672966Dd691aA58344d0D854De",1],
// ["0xF136164a31F626672966Dd691aA58344d0D854De",1],
// ["0xf12ABC3B45D98d54Ccc5B1F08D9A4F02Bc26aE07",1],
// ["0xF11eEfA016560d5a5Cb8B747FE915eeF83a29B07",1],
// ["0xF11eEfA016560d5a5Cb8B747FE915eeF83a29B07",1],
// ["0xF11eEfA016560d5a5Cb8B747FE915eeF83a29B07",1],
// ["0xf11e6fD203081E09f3933d58d4b6d1202E49AEc4",1],
// ["0xf11d6F044cca5Da8626182Aff7fBA3Ba1c64b9a5",1],
// ["0xf0F0e86fAab91d265F2B00c5C5E99cc6975a0357",1],
// ["0xf0F0e86fAab91d265F2B00c5C5E99cc6975a0357",1],
// ["0xf0F0e86fAab91d265F2B00c5C5E99cc6975a0357",1],
// ["0xf0F0e86fAab91d265F2B00c5C5E99cc6975a0357",1],
// ["0xf0F0e86fAab91d265F2B00c5C5E99cc6975a0357",1],
// ["0xf0e1BB5739752E61425607917b723254f955679F",1],
// ["0xf0d888f445DeD8c80655728d051658Ac90D0d9FA",1],
// ["0xf0d888f445DeD8c80655728d051658Ac90D0d9FA",1],
// ["0xf0d888f445DeD8c80655728d051658Ac90D0d9FA",1],
// ["0xf0d888f445DeD8c80655728d051658Ac90D0d9FA",1],
// ["0xf0D77efE3dEe4D60Ef02E0f03839981Cd7Cefb3C",1],
// ["0xF0cC213684aD6Aa3eB093F8600A8a8619096F8F7",1],
// ["0xF0B856d492F4574A8Deb85d7CCb86aE25EdB8Bc6",1],
// ["0xF0a7e2c59F8d7a93DcaE4E81aC2128dd86198D74",1],
// ["0xF09Ed030845EFEC795386A6Dd8E793C31938eFf7",1],
// ["0xF087B5DC292943310c41E86e44e24c5460Dde3ba",1],
// ["0xF087B5DC292943310c41E86e44e24c5460Dde3ba",1],
// ["0xF0843A6B2EF657018F9558dF54b755b31c3FAeff",1],
// ["0xF0843A6B2EF657018F9558dF54b755b31c3FAeff",1],
// ["0xf0659F33048Fd1F77D8e34BeFa74f28c70fD6439",1],
// ["0xf0659F33048Fd1F77D8e34BeFa74f28c70fD6439",1],
// ["0xf0659F33048Fd1F77D8e34BeFa74f28c70fD6439",1],
// ["0xf0659F33048Fd1F77D8e34BeFa74f28c70fD6439",1],
// ["0xf0659F33048Fd1F77D8e34BeFa74f28c70fD6439",1],
// ["0xf0659F33048Fd1F77D8e34BeFa74f28c70fD6439",1],
// ["0xf0659F33048Fd1F77D8e34BeFa74f28c70fD6439",1],
// ["0xF046Fa953B06B53104Cd27478fCcbe26A15c61a3",1],
// ["0xF030d6cBfb1f3E534a46656689E7f43e55B06a4e",1],
// ["0xF021CD5D0894392e1AcE119ac65820Ea78E1ad3b",1],
// ["0xF00d651840A2F8A884085265b521e75ADD0670d9",1],
// ["0xEfcCBFb3a5daD94fFc1b8c46d82bAaEbD34f2aF6",1],
// ["0xEfbFbC277a50b682337F54485C417a4D081067bD",1],
// ["0xEF8A1F9321c9cBEaE9CAad0Fc820F295c2E494A1",1],
// ["0xEF8A1F9321c9cBEaE9CAad0Fc820F295c2E494A1",1],
// ["0xEf8668dB5e0AE30587FB727378aab32bcb9f2965",1],
// ["0xeF70CFd0Da43c5C70300dAaA79B81270E40e5157",1],
// ["0xEEF99512590d40811642b7EF08b0E491368D47E3",1],
// ["0xEef56b316C8FB0D48F1b93bFE80Cf09695a3b71c",1],
// ["0xEef56b316C8FB0D48F1b93bFE80Cf09695a3b71c",1],
// ["0xEed51fC9D97C40538B24f63f0F36D2463f4efe63",1],
// ["0xEeCeCe8731335E5c9562c31C049Ebd131be138aF",1],
// ["0xeeb6F9d75375443DE32fC0293B0fCa0b31fd6756",1],
// ["0xeeaf9b2cB8459A8a329d411BcDb1a2CCCd32057b",1],
// ["0xeE9f37AC583Cf8695C2f7ABC730b94B7198d4369",1],
// ["0xeE9f37AC583Cf8695C2f7ABC730b94B7198d4369",1],
// ["0xEe72485e0B1A7BFF75638316CE9223eA21C03825",1],
// ["0xee52CCBcD30Bfe28E65db712c3a97a5BFd4d54af",1],
// ["0xEe36427544cE4649b0E122171c2fe43B231661C7",1],
// ["0xee2D6ee32bCf7E3F3A8Ac62cf38f36A8675491EC",1],
// ["0xEe104006D4F77FD888daC0b14eE2F29e8aaBDd69",1],
// ["0xee0b430C110F7c1736ba06719B91F52FdAEF4176",1],
// ["0xeDFbE8aFd1F369a172D4D08294bfc247283AE567",1],
// ["0xedF3eAFC20e33852a07A49da23ADa50C8b1e4983",1],
// ["0xedF3eAFC20e33852a07A49da23ADa50C8b1e4983",1],
// ["0xEDea5291C89B54761Cd77085ca8fee13c48776a8",1],
// ["0xEDea5291C89B54761Cd77085ca8fee13c48776a8",1],
// ["0xEDea5291C89B54761Cd77085ca8fee13c48776a8",1],
// ["0xede50efbd9D41577E95dfEd3644Cc51C864f0A1d",1],
// ["0xede50efbd9D41577E95dfEd3644Cc51C864f0A1d",1],
// ["0xede376fa138543DAf28a1C20f20A4aE0F97D5076",1],
// ["0xedB52653fFf4AF2d04565d8710e85C87D0245097",1],
// ["0xED9e27b623d3a018F022AafC799aaC4959159492",1],
// ["0xED9e27b623d3a018F022AafC799aaC4959159492",1],
// ["0xED9e27b623d3a018F022AafC799aaC4959159492",1],
// ["0xED9e27b623d3a018F022AafC799aaC4959159492",1],
// ["0xED9e27b623d3a018F022AafC799aaC4959159492",1],
// ["0xEd93738f672AC6EE3658382bd0A41c7944A8152C",1],
// ["0xeD5d06b53aC0a9e37ad18b3d3A90c05564f47e09",1],
// ["0xeD3F91d7d3e05d6ec7fF6016a1A7522E9F46aDCF",1],
// ["0xeD3ADd04E201C9bcCD2De2c041b155d5d40a0EEA",1],
// ["0xED2FCF7ebe33e220BeF2A82Fe22E69eD0d3F6c5a",1],
// ["0xED2aea881C6e2a8BB5145b611a5BAcf1D151e4D7",1],
// ["0xEd2594c787D5FC1Db7D1367A9aC1Bc5838dc29a8",1],
// ["0xeD221F33ebC4d7f839bBe3Ac07a770c051A5182f",1],
// ["0xed2147D4DE841aBF74b1533022A619Da7A67D3c1",1],
// ["0xeD00d790027F18F434840d78fA98Da31BaeE7949",1],
// ["0xECEb4C82F8AaDcA2b4f5C6988feC448115a371ec",1],
// ["0xeCeA0e6E75Bf28E130621E4251ec5EdDa7717f0D",1],
// ["0xeCeA0e6E75Bf28E130621E4251ec5EdDa7717f0D",1],
// ["0xeCeA0e6E75Bf28E130621E4251ec5EdDa7717f0D",1],
// ["0xeCeA0e6E75Bf28E130621E4251ec5EdDa7717f0D",1],
// ["0xeCeA0e6E75Bf28E130621E4251ec5EdDa7717f0D",1],
// ["0xeCeA0e6E75Bf28E130621E4251ec5EdDa7717f0D",1],
// ["0xeCeA0e6E75Bf28E130621E4251ec5EdDa7717f0D",1],
// ["0xeCE573A829450C75E7052F4a3DEDc9b91Dc3B30d",1],
// ["0xece4Bde19f5e2867E6B184D51ebF1840530A4E98",1],
// ["0xece4Bde19f5e2867E6B184D51ebF1840530A4E98",1],
// ["0xece4Bde19f5e2867E6B184D51ebF1840530A4E98",1],
// ["0xece4Bde19f5e2867E6B184D51ebF1840530A4E98",1],
// ["0xece4Bde19f5e2867E6B184D51ebF1840530A4E98",1],
// ["0xece4Bde19f5e2867E6B184D51ebF1840530A4E98",1],
// ["0xecD40Db45a7B4109D8d3B47E7BF013f9026a600c",1],
// ["0xecD40Db45a7B4109D8d3B47E7BF013f9026a600c",1],
// ["0xecD40Db45a7B4109D8d3B47E7BF013f9026a600c",1],
// ["0xEcce4D2d87685b31643747D2459D783262f39dAC",1],
// ["0xecCd9F02fda7e6A1e1A996B0cb46373bbEC59350",1],
// ["0xecbC8CB9f9C30b0dc136C8fd6d1D87905d53a2D3",1],
// ["0xEcB0cC6Edeb6551112cd0aC48f1616Fe17aD5A5E",1],
// ["0xEcB0cC6Edeb6551112cd0aC48f1616Fe17aD5A5E",1],
// ["0xECaE4A2Bc866B2099A67ab62aB568a4A0C180c1F",1],
// ["0xECaE4A2Bc866B2099A67ab62aB568a4A0C180c1F",1],
// ["0xEca25f9943C5D8700b4623D8ACD79D909A8AE84e",1],
// ["0xECa12Aa25ecA17ddCfc6550e66971e4f039b703A",1],
// ["0xEc9CD76cD4074Bc78AdCEDF42B053264c17712f0",1],
// ["0xeC812519A83CCB2Ea78897d3b0Ed268156D9Ad92",1],
// ["0xec7Cae022a08d57e684C48319a7774fE87FAF90D",1],
// ["0xec7Cae022a08d57e684C48319a7774fE87FAF90D",1],
// ["0xec7Cae022a08d57e684C48319a7774fE87FAF90D",1],
// ["0xec7Cae022a08d57e684C48319a7774fE87FAF90D",1],
// ["0xEC7115E26795bb7a7DFe77DE32BB174a2971B30F",1],
// ["0xEC6DEe51133A1D5163085319f8847B20f0Df9017",1],
// ["0xEC23eEB6e81A74B02DE10f04cf1F1439Fbe988FF",1],
// ["0xeC0e5856Bd40a746F7BE3Fa39a3C88267AE6046E",1],
// ["0xeC0e5856Bd40a746F7BE3Fa39a3C88267AE6046E",1],
// ["0xEc00CFc52C2190D27F42e75410335f037d255478",1],
// ["0xEc00CFc52C2190D27F42e75410335f037d255478",1],
// ["0xEc00CFc52C2190D27F42e75410335f037d255478",1],
// ["0xebEF50a2C0E904750C23c6d9dC8a5daA4a807D35",1],
// ["0xEbc86b1A7D57d7d0573b755a3035b7599C49C8D1",1],
// ["0xEbC3b0e7958E77089f9bbFcbF34e3f56493b245f",1],